page,img,alt,Implementation check
BN_Index.page,"<img alt=""Hub on Bookingninjas Property Management System"" class=""wow fadeInRight"" src=""https://d1b89zc79exfxt.cloudfront.net/img/home-1.png"" style=""visibility: visible; animation-name: fadeInRight;"">",BookingNinjas Property Management System - 1,,
BN_Index.page,"<img alt=""Bookingninjas Best Property Management System"" src=""https://d1b89zc79exfxt.cloudfront.net/img/content-img1.png"">",BookingNinjas Property Management System - 2,,
BN_Index.page,"<img alt=""White phone on Bookingninjas Property Management System"" class=""wow slideInUp"" src=""https://d1b89zc79exfxt.cloudfront.net/img/white_phone.png"" style=""visibility: visible; animation-name: slideInUp;"">",BookingNinjas Property Management System - 3,,
BN_Index.page,"<img alt=""House phone on Bookingninjas Property Management System"" class=""wow fadeInUp"" src=""https://d1b89zc79exfxt.cloudfront.net/img/house-phone.png"" style=""visibility: visible; animation-name: fadeInUp;"">",BookingNinjas Property Management System - 4,,
BN_Index.page,"<img alt=""Back in time on bookingninjas"" src=""https://d1b89zc79exfxt.cloudfront.net/img/back-in-time.png"">",Better digital engagement - icon,,
BN_Index.page,"<img alt=""Bookingninjas Best Property Management System"" src=""https://d1b89zc79exfxt.cloudfront.net/img/arrowTop.png"">","Improved Data Analysis and AI - icon",,
BN_Index.page,"<img alt=""Guest on bookingninjas"" src=""https://d1b89zc79exfxt.cloudfront.net/img/guest.png"">",Better guests’ experiences- icon,,
BN_Index.page,"<img alt=""Hotel on bookingninjas"" src=""https://d1b89zc79exfxt.cloudfront.net/img/hotel.png"">",BookingNinjas Property Management System for Hotel Management,,
BN_Index.page,"<img alt=""Hostel on bookingninjas"" src=""https://d1b89zc79exfxt.cloudfront.net/img/hostel.png"">",BookingNinjas Property Management System for Hostel Management,,
BN_Index.page,"<img alt=""Sun bath on bookingninjas"" src=""https://d1b89zc79exfxt.cloudfront.net/img/sun-bath.png"">",BookingNinjas Property Management System for Restaurant Management,,
BN_Index.page,"<img alt=""Bookingninjas team"" src=""https://d1b89zc79exfxt.cloudfront.net/img/team.png"">",BookingNinjas Property Management System for Property Managers,,
BN_Index.page,"<img alt=""Tent on Bookingninjas Property Management System"" src=""https://d1b89zc79exfxt.cloudfront.net/img/tent.png"">",BookingNinjas Property Management System for Country Club Management,,
BN_Index.page,"<img alt=""Networking on Bookingninjas Property Management System"" src=""https://d1b89zc79exfxt.cloudfront.net/img/networking.png"">",BookingNinjas Property Management System for Coworking Management,,
BN_Index.page,"<img alt=""Archive copy on Bookingninjas Property Management System"" src=""https://d1b89zc79exfxt.cloudfront.net/img/archive_copy.png"">",BookingNinjas Property Management System for Storage Management,,
BN_Index.page,"<img alt=""Student housing on Bookingninjas Property Management System"" src=""https://d1b89zc79exfxt.cloudfront.net/img/student-housing.png"">",BookingNinjas Property Management System for Student Housing Management,,
BN_Index.page,"<img alt=""Parking on Bookingninjas Property Management System"" src=""https://d1b89zc79exfxt.cloudfront.net/img/parking.png"">",BookingNinjas Property Management System for Parking Management,,
BN_Index.page,"<img alt=""Events on Bookingninjas Property Management System"" src=""https://d1b89zc79exfxt.cloudfront.net/img/event.png"">",BookingNinjas Property Management System for Event Management,,
BN_Index.page,"<img alt=""Events on Bookingninjas Property Management System"" src=""https://d1b89zc79exfxt.cloudfront.net/img/Senior Living icon.png"">",BookingNinjas Property Management System for Senior Living Management,,
BN_Index.page,"<img alt=""Events on Bookingninjas Property Management System"" src=""https://d1b89zc79exfxt.cloudfront.net/img/Vacation Rentals icon.png"">",BookingNinjas Property Management System for Vacation Rental Property Management,,
BN_Index.page,"<img alt=""Villa Manager on Bookingninjas Property Management System"" src=""https://d1b89zc79exfxt.cloudfront.net/img/Villa_Manager_icon.png"">",BookingNinjas Property Management System for Villas Management,,
BN_Index.page,"<img alt=""Government-owned Property Management on Bookingninjas Property Management System"" src=""https://d1b89zc79exfxt.cloudfront.net/img/Government_PM_icon.png"">",BookingNinjas Property Management System for Government Property Management,,
BN_Index.page,"<img alt=""Bookingninjas home"" src=""https://d1b89zc79exfxt.cloudfront.net/img/home.png"" />",BookingNinjas Property Management System - 5,,
BN_Solutions.page,"<img alt=""Solutions on Bookingninjas Property Management System"" src=""https://d1b89zc79exfxt.cloudfront.net/img/solutions-bnr.png"">",Advanced Solution for Property Management - 1,,
BN_Solutions.page,"<img alt=""Solutions on Bookingninjas Property Management System"" src=""https://d1b89zc79exfxt.cloudfront.net/img/solutions-target.png"">",Multilayer Approach - icon,,
BN_Solutions.page,"<img alt=""Solutions on Bookingninjas Property Management System"" src=""https://d1b89zc79exfxt.cloudfront.net/img/solutions-innovation.png"">",Scalable integration- icon,,
BN_Solutions.page,"<img alt=""Solutions on Bookingninjas Property Management System"" src=""https://d1b89zc79exfxt.cloudfront.net/img/solutions-innovation.png"">","Up-To-Date PMS solutions - icon",,
BN_Solutions.page,"<img alt=""Solutions on Bookingninjas Property Management System"" src=""https://d1b89zc79exfxt.cloudfront.net/img/solutions-innovation.png"">",Continuous Engagement- icon,,
BN_Solutions.page,"<img alt=""Bookingninjas Property Management System"" src=""https://d1b89zc79exfxt.cloudfront.net/img/solutions-icon1.png"">",Centralized Channel Manager- icon,,
BN_Solutions.page,"<img alt=""Bookingninjas Property Management System"" src=""https://d1b89zc79exfxt.cloudfront.net/img/solutions-icon2.png"">",AppExchange Integrations - icon,,
BN_Solutions.page,"<img alt=""Bookingninjas Property Management System"" src=""https://d1b89zc79exfxt.cloudfront.net/img/solutions-icon3.png"">",Online Booking Solutions - icon,,
BN_Solutions.page,"<img alt=""Bookingninjas Property Management System"" src=""https://d1b89zc79exfxt.cloudfront.net/img/solutions-icon4.png"">",Accounting System - icon,,
BN_Solutions.page,"<img alt=""Bookingninjas Property Management System"" src=""https://d1b89zc79exfxt.cloudfront.net/img/solutions-icon5.png"">",Salesforce Tools - icon,,
BN_Solutions.page,"<img alt=""Bookingninjas Property Management System"" src=""https://d1b89zc79exfxt.cloudfront.net/img/solutions-icon6.png"">",Custom Flows - icon,,
BN_Solutions.page,"<img alt=""Bookingninjas Property Management System"" src=""https://d1b89zc79exfxt.cloudfront.net/img/solutions-icon7.png"">",Direct Room Service System - icon,,
BN_Solutions.page,"<img alt=""Bookingninjas Property Management System"" src=""https://d1b89zc79exfxt.cloudfront.net/img/solutions-icon8.png"">",Phone System Integrations - icon,,
BN_Solutions.page,"<img alt=""Bookingninjas Property Management System"" src=""https://d1b89zc79exfxt.cloudfront.net/img/solutions-icon9.png"">",Tickets integrations - icon,,
BN_Solutions.page,"<img alt=""Bookingninjas Property Management System"" src=""https://d1b89zc79exfxt.cloudfront.net/img/solutions-icon10.png"">",Maintenance - icon,,
BN_Solutions.page,"<img alt=""Bookingninjas Property Management System"" src=""https://d1b89zc79exfxt.cloudfront.net/img/solutions-icon11.png"">",Access Control - icon,,
BN_Solutions.page,"<img alt=""Bookingninjas Property Management System"" src=""https://d1b89zc79exfxt.cloudfront.net/img/solutions-icon12.png"">",Artificial Intelligence - icon,,
BN_Solutions.page,"<img alt=""Property Management Solutions"" src=""https://d1b89zc79exfxt.cloudfront.net/img/solutions-img.png"">",Advanced Solution for Property Management - 2,,
BN_Advantages.page,"<img alt=""PMS Advantages"" src=""https://d1b89zc79exfxt.cloudfront.net/img/advantage-top.png"">",Advantages of BookingNinjas Property Management System,,
BN_Advantages.page,"<img alt=""Bookingninjas Property Management System"" src=""https://d1b89zc79exfxt.cloudfront.net/img/advantage-img1.png"">",Optimal Organization - icon,,
BN_Advantages.page,"<img alt=""Bookingninjas Property Management System"" src=""https://d1b89zc79exfxt.cloudfront.net/img/advantage-img2.png"">",Mobility - icon,,
BN_Advantages.page,"<img alt=""Bookingninjas Property Management System"" src=""https://d1b89zc79exfxt.cloudfront.net/img/advantage-img3.png"">",Customization - icon,,
BN_Advantages.page,"<img alt=""Bookingninjas Property Management System"" src=""https://d1b89zc79exfxt.cloudfront.net/img/advantage-img-center.png"">",Technological - icon,,
BN_Advantages.page,"<img alt=""Bookingninjas Property Management System"" src=""https://d1b89zc79exfxt.cloudfront.net/img/advantages-icon1.png"">",Sales - icon,,
BN_Advantages.page,"<img alt=""Bookingninjas Property Management System"" src=""https://d1b89zc79exfxt.cloudfront.net/img/advantages-icon4.png"">",Marketing - icon,,
BN_Advantages.page,"<img alt=""Bookingninjas Property Management System"" src=""https://d1b89zc79exfxt.cloudfront.net/img/advantages-icon2.png"">",Finance - icon,,
BN_Advantages.page,"<img alt=""Bookingninjas Property Management System"" src=""https://d1b89zc79exfxt.cloudfront.net/img/advantages-icon5.png"">",Customer Service - icon,,
BN_Advantages.page,"<img alt=""Bookingninjas Property Management System"" src=""https://d1b89zc79exfxt.cloudfront.net/img/advantages-icon3.png"">",Commerce - icon,,
BN_Advantages.page,"<img alt=""Bookingninjas Property Management System"" src=""https://d1b89zc79exfxt.cloudfront.net/img/advantages-icon6.png"">",Human Resources - icon,,
BN_Why.page,"<img alt=""Bookingninjas Property Management System"" src=""https://d1b89zc79exfxt.cloudfront.net/img/why-top.png"">",Reasons to Choose BookingNinjas Property Management Software - 1,,
BN_Why.page,"<img alt=""Bookingninjas Property Management System"" class=""float_right"" src=""https://d1b89zc79exfxt.cloudfront.net/img/why1.png"">",Mobility,,
BN_Why.page,"<img alt=""Bookingninjas Property Management System"" src=""https://d1b89zc79exfxt.cloudfront.net/img/why2.png"">",Einstein AI,,
BN_Why.page,"<img alt=""Bookingninjas Property Management System"" class=""float_right"" src=""https://d1b89zc79exfxt.cloudfront.net/img/why3.png"">","Salesforce Experience",,
BN_Why.page,"<img alt=""Bookingninjas Property Management System"" src=""https://d1b89zc79exfxt.cloudfront.net/img/why4.png"">",Software Updates,,
BN_Why.page,"<img alt=""Bookingninjas Property Management System"" class=""float_right"" src=""https://d1b89zc79exfxt.cloudfront.net/img/why5.png"">","Deeper Customer Engagements",,
BN_Why.page,"<img alt=""Bookingninjas Property Management System"" src=""https://d1b89zc79exfxt.cloudfront.net/img/why6.png"">","Access Control",,
BN_Why.page,"<img alt=""Bookingninjas Property Management System"" src=""https://d1b89zc79exfxt.cloudfront.net/img/why-ico1.png"">",UTILIZING THE CLOUD - icon,,
BN_Why.page,"<img alt=""Bookingninjas Property Management System"" src=""https://d1b89zc79exfxt.cloudfront.net/img/why-ico2.png"">",EVENTS - icon,,
BN_Why.page,"<img alt=""Bookingninjas Property Management System"" src=""https://d1b89zc79exfxt.cloudfront.net/img/why-ico3.png"">",COMBINING MULTIPLE BOOKING ENGINES - icon,,
BN_Why.page,"<img alt=""Bookingninjas Property Management System"" src=""https://d1b89zc79exfxt.cloudfront.net/img/why-recap1.png"">",Reason to Choose BookingNinjas Property Management Software  - icon - 1,,
BN_Why.page,"<img alt=""Bookingninjas Property Management System"" src=""https://d1b89zc79exfxt.cloudfront.net/img/solutions-icon2.png"">",Reason to Choose BookingNinjas Property Management Software  - icon - 2,,
BN_Why.page,"<img alt=""Bookingninjas Property Management System"" src=""https://d1b89zc79exfxt.cloudfront.net/img/why-recap2.png"">",Reason to Choose BookingNinjas Property Management Software  - icon - 3,,
BN_Why.page,"<img alt=""Bookingninjas Property Management System"" src=""https://d1b89zc79exfxt.cloudfront.net/img/why-recap3.png"">",Reason to Choose BookingNinjas Property Management Software  - icon - 4,,
BN_Why.page,"<img alt=""Bookingninjas Property Management System"" src=""https://d1b89zc79exfxt.cloudfront.net/img/solutions-icon5.png"">",Reason to Choose BookingNinjas Property Management Software  - icon - 5,,
BN_Why.page,"<img alt=""Bookingninjas Property Management System"" src=""https://d1b89zc79exfxt.cloudfront.net/img/why-recap4.png"">",Reason to Choose BookingNinjas Property Management Software  - icon - 6,,
BN_Why.page,"<img alt=""Bookingninjas Property Management System"" src=""https://d1b89zc79exfxt.cloudfront.net/img/why-recap5.png"">",Reason to Choose BookingNinjas Property Management Software  - icon - 7,,
BN_Why.page,"<img alt=""Bookingninjas Property Management System"" src=""https://d1b89zc79exfxt.cloudfront.net/img/why-recap6.png"">",Reason to Choose BookingNinjas Property Management Software  - icon - 8,,
BN_Why.page,"<img alt=""Bookingninjas Property Management System"" src=""https://d1b89zc79exfxt.cloudfront.net/img/why-recap7.png"">",Reason to Choose BookingNinjas Property Management Software  - icon - 9,,
BN_Why.page,"<img alt=""Bookingninjas Property Management System"" src=""https://d1b89zc79exfxt.cloudfront.net/img/why-recap8.png"">",Reason to Choose BookingNinjas Property Management Software  - icon - 10,,
BN_Why.page,"<img alt=""Bookingninjas Property Management System"" src=""https://d1b89zc79exfxt.cloudfront.net/img/why-bottom.png"">",Reasons to Choose BookingNinjas Property Management Software - 2,,
BN_Pricing.page,"<img alt=""Bookingninjas Property Management System"" src=""https://d1b89zc79exfxt.cloudfront.net/img/pricing-bnr.png"">",Property Management Software Pricing,,
BN_Pricing.page,"<img alt=""Bookingninjas Property Management System"" src=""https://d1b89zc79exfxt.cloudfront.net/img/price-ico2.png"">",PRICE FOR BOOKING NINJAS USER FEE - icon,,
BN_Pricing.page,"<img alt=""Bookingninjas Property Management System"" src=""https://d1b89zc79exfxt.cloudfront.net/img/price-ico1.png"">",PRICE FOR HOTEL/MOTEL - icon,,
BN_Pricing.page,"<img alt=""Bookingninjas Property Management System"" src=""https://d1b89zc79exfxt.cloudfront.net/img/price-ico16.png"">",PRICE FOR CO-WORKING SPACE - icon,,
BN_Pricing.page,"<img alt=""Bookingninjas Property Management System"" src=""https://d1b89zc79exfxt.cloudfront.net/img/price-ico5.png"">",PRICE FOR  EVENT/MEETING SPACE - icon,,
BN_Pricing.page,"<img alt=""Bookingninjas Property Management System"" src=""https://d1b89zc79exfxt.cloudfront.net/img/price-ico13.png"">",PRICE FOR HOSTEL - icon,,
BN_Pricing.page,"<img alt=""Bookingninjas Property Management System"" src=""https://d1b89zc79exfxt.cloudfront.net/img/price-ico17.png"">",PRICE FOR SELF STORAGE - icon,,
BN_Pricing.page,"<img alt=""Bookingninjas Property Management System"" src=""https://d1b89zc79exfxt.cloudfront.net/img/price-ico11.png"">",PRICE FOR PARKING FACILITY - icon,,
BN_Pricing.page,"<img alt=""Bookingninjas Property Management System"" src=""https://d1b89zc79exfxt.cloudfront.net/img/price-ico14.png"">",PRICE FOR BOOKING ENGINE - icon,,
BN_Pricing.page,"<img alt=""Bookingninjas Property Management System"" src=""https://d1b89zc79exfxt.cloudfront.net/img/price-ico18.png"">",PRICE FOR CUSTOM MOBILE APPS - icon,,
BN_Pricing.page,"<img alt=""Bookingninjas Property Management System"" class=""auto"" src=""https://d1b89zc79exfxt.cloudfront.net/img/twilio-big.png"">",PRICE FOR TWILIO USAGE - icon,,
BN_Pricing.page,"<img alt=""Bookingninjas Property Management System"" src=""https://d1b89zc79exfxt.cloudfront.net/img/price-ico15.png"">",PRICE FOR TWILIO FLEX - icon,,
BN_Pricing.page,"<img alt=""Bookingninjas Property Management System"" src=""https://d1b89zc79exfxt.cloudfront.net/img/price-ico9.png"">",PRICE FOR EINSTEIN ANALYTICS - icon,,
BN_Pricing.page,"<img alt=""Bookingninjas Property Management System"" src=""https://d1b89zc79exfxt.cloudfront.net/img/price-ico12.png"">",PRICE FOR CHANNEL MANAGER - icon,,
BN_Gdpr.page,"<img alt=""PMS GDPR Data Compliance"" src=""https://d1b89zc79exfxt.cloudfront.net/img/gdpr-top.png"">",-,,
BN_Gdpr.page,"<img alt=""GDPR Data Compliant"" src=""https://d1b89zc79exfxt.cloudfront.net/img/gdpr-data-img.png"">",-,,
BN_Gdpr.page,"<img alt=""Bookingninjas Property Management System"" src=""https://d1b89zc79exfxt.cloudfront.net/img/gdpr-insurance.png"">",Why GDPR is important? - icon - 1,,
BN_Gdpr.page,"<img alt=""Bookingninjas Property Management System"" src=""https://d1b89zc79exfxt.cloudfront.net/img/gdpr-secure-data.png"">",Why GDPR is important? - icon - 2,,
BN_Gdpr.page,"<img alt=""Bookingninjas Property Management System"" src=""https://d1b89zc79exfxt.cloudfront.net/img/gdpr-customers.png"">",Why GDPR is important? - icon - 3,,
BN_Gdpr.page,"<img alt=""Bookingninjas Property Management System"" src=""https://d1b89zc79exfxt.cloudfront.net/img/gdpr-house.png"">",Why GDPR is important? - icon - 4,,
BN_Gdpr.page,"<img alt=""Bookingninjas Property Management System"" src=""https://d1b89zc79exfxt.cloudfront.net/img/gdpr-bottom.png"">",GDPR Data Compliant - 2,,
BN_IndustrialRevolution.page,"<img alt=""Bookingninjas Property Management System"" src=""https://d1b89zc79exfxt.cloudfront.net/img/industrial1.png"">",The Fourth Industrial Revolution - icon - 1,,
BN_IndustrialRevolution.page,"<img alt=""Bookingninjas Property Management System"" src=""https://d1b89zc79exfxt.cloudfront.net/img/industrial2.png"">",The Fourth Industrial Revolution - icon - 2,,
BN_IndustrialRevolution.page,"<img alt=""Bookingninjas Property Management System"" src=""https://d1b89zc79exfxt.cloudfront.net/img/industrial3.png"">",The Fourth Industrial Revolution - icon - 3,,
BN_IndustrialRevolution.page,"<img alt=""Bookingninjas Property Management System"" src=""https://d1b89zc79exfxt.cloudfront.net/img/industrial4.png"">",The Fourth Industrial Revolution - icon - 4,,
BN_IndustrialRevolution.page,"<img alt=""Bookingninjas Property Management System"" src=""https://d1b89zc79exfxt.cloudfront.net/img/industrial-ico1.png"">",The Fourth Industrial Revolution - icon - 4,,
BN_IndustrialRevolution.page,"<img alt=""Bookingninjas Property Management System"" src=""https://d1b89zc79exfxt.cloudfront.net/img/industrial-ico2.png"">",The Fourth Industrial Revolution - icon - 5,,
BN_IndustrialRevolution.page,"<img alt=""Bookingninjas Property Management System"" src=""https://d1b89zc79exfxt.cloudfront.net/img/industrial-ico3.png"">",The Fourth Industrial Revolution - icon - 6,,
BN_IndustrialRevolution.page,"<img alt=""Bookingninjas Property Management System"" src=""https://d1b89zc79exfxt.cloudfront.net/img/industrial-ico4.png"">",The Fourth Industrial Revolution - icon - 7,,
BN_ArtificialIntelligence.page,"<img alt=""AI Property Management System"" src=""https://d1b89zc79exfxt.cloudfront.net/img/einstein-top.png"">",Einstein Analytics Integration - 1,,
BN_ArtificialIntelligence.page,"<img alt=""Bookingninjas Property Management System"" src=""https://d1b89zc79exfxt.cloudfront.net/img/core1.png"">",Einstein Analytics Overview - icon - 1,,
BN_ArtificialIntelligence.page,"<img alt=""Bookingninjas Property Management System"" src=""https://d1b89zc79exfxt.cloudfront.net/img/core2.png"">",Einstein Analytics Overview - icon - 2,,
BN_ArtificialIntelligence.page,"<img alt=""Bookingninjas Property Management System"" src=""https://d1b89zc79exfxt.cloudfront.net/img/core3.png"">",Einstein Analytics Overview - icon - 3,,
BN_ArtificialIntelligence.page,"<img alt=""Einstein on bookingninjas"" class=""einstein-page-analytics__aside-img"" src=""https://d1b89zc79exfxt.cloudfront.net/img/einstein-ico4.png"">",Einstein Analytics Overview - icon - 4,,
BN_ArtificialIntelligence.page,"<img alt=""Einstein on Bookingninjas Property Management System"" src=""https://d1b89zc79exfxt.cloudfront.net/img/einstein-ico5.png"">",Relationships - icon,,
BN_ArtificialIntelligence.page,"<img alt=""Einstein on Bookingninjas Property Management System"" src=""https://d1b89zc79exfxt.cloudfront.net/img/einstein-ico6.png"">",Guests Happy - icon,,
BN_ArtificialIntelligence.page,"<img alt=""Einstein on Bookingninjas Property Management System"" src=""https://d1b89zc79exfxt.cloudfront.net/img/einstein-ico7.png"">",Data Collection - icon,,
BN_ArtificialIntelligence.page,"<img alt=""AI-Powered Property Management Analytics"" src=""https://d1b89zc79exfxt.cloudfront.net/img/einstein-img-bottom.png"">",Einstein Analytics Integration - 2,,
BN_Matrix.page,"<img alt=""Popular PMS Comparison"" class=""wow fadeInRight"" src=""https://d1b89zc79exfxt.cloudfront.net/img/competitive-matrix-bg.png"" style=""visibility: visible; animation-name: fadeInRight;"">",Comparison of Popular Property Management Software,,
BN_Matrix.page,"<img alt=""Bookingninjas Property Management System"" src=""https://d1b89zc79exfxt.cloudfront.net/img/matrix-ico1.png"">",Be Cloud and Mobile Accessible - icon,,
BN_Matrix.page,"<img alt=""Bookingninjas Property Management System"" src=""https://d1b89zc79exfxt.cloudfront.net/img/matrix-ico2.png"">",AI-Infused - icon,,
BN_Matrix.page,"<img alt=""Bookingninjas Property Management System"" src=""https://d1b89zc79exfxt.cloudfront.net/img/matrix-ico3.png"">",Run Without Friction - icon,,
BN_Matrix.page,"<img alt=""Bookingninjas Property Management System"" src=""https://d1b89zc79exfxt.cloudfront.net/img/matrix-table1.png"">",Oracle - icon,,
BN_Matrix.page,"<img alt=""Bookingninjas Property Management System"" src=""https://d1b89zc79exfxt.cloudfront.net/img/matrix-table2.png"">",BookingNinjas - icon-1,,
BN_Matrix.page,"<img alt=""Bookingninjas Property Management System"" src=""https://d1b89zc79exfxt.cloudfront.net/img/matrix-table3.png"">",Clock - icon,,
BN_Matrix.page,"<img alt=""Bookingninjas Property Management System"" src=""https://d1b89zc79exfxt.cloudfront.net/img/matrix-table4.png"">",Infor - icon,,
BN_Matrix.page,"<img alt=""Bookingninjas Property Management System"" src=""https://d1b89zc79exfxt.cloudfront.net/img/matrix-table5.png"">",StayNTouch - icon,,
BN_Matrix.page,"<img alt=""Bookingninjas Property Management System"" src=""https://d1b89zc79exfxt.cloudfront.net/img/matrix-table6.png"">",Propel - icon,,
BN_Matrix.page,"<img alt=""Bookingninjas Property Management System"" src=""https://d1b89zc79exfxt.cloudfront.net/img/matrix-table7.png"">",Mews - icon-1,,
BN_Matrix.page,"<img alt=""Bookingninjas Property Management System"" src=""https://d1b89zc79exfxt.cloudfront.net/img/matrix-table8.png"">",Maestro - icon,,
BN_Matrix.page,"<img alt=""Bookingninjas Property Management System"" src=""https://d1b89zc79exfxt.cloudfront.net/img/matrix-table9.png"">",SMS - icon,,
BN_Matrix.page,"<img alt=""Bookingninjas Property Management System"" src=""https://d1b89zc79exfxt.cloudfront.net/img/matrix-table10.png"">",Guestling - icon,,
BN_Matrix.page,"<img alt=""Bookingninjas Property Management System"" src=""https://d1b89zc79exfxt.cloudfront.net/img/matrix-table11.png"">",Cloudbeds - icon,,
BN_Matrix.page,"<img alt=""Bookingninjas Property Management System"" src=""https://d1b89zc79exfxt.cloudfront.net/img/matrix-table12.png"">",Amadeus - icon,,
BN_Matrix.page,"<img alt=""Bookingninjas Property Management System"" src=""https://d1b89zc79exfxt.cloudfront.net/img/matrix-table13.png"">",Agilysys - icon,,
BN_Matrix.page,"<img alt=""Bookingninjas Property Management System"" src=""https://d1b89zc79exfxt.cloudfront.net/img/matrix-table14.png"">",innRoad - icon,,
BN_Matrix.page,"<img alt=""Bookingninjas Property Management System"" src=""https://d1b89zc79exfxt.cloudfront.net/img/matrix-table15.png"">",RoomKeyPMS - icon,,
BN_Matrix.page,"<img alt=""Bookingninjas Property Management System"" src=""https://d1b89zc79exfxt.cloudfront.net/img/matrix-ico7.png"">","Rent Collection, Payment Processing, and Reservation Management - icon",,
BN_Matrix.page,"<img alt=""Bookingninjas Property Management System"" src=""https://d1b89zc79exfxt.cloudfront.net/img/matrix-ico8.png"">",Repair and Maintenance Service Monitoring - icon,,
BN_Matrix.page,"<img alt=""Bookingninjas Property Management System"" src=""https://d1b89zc79exfxt.cloudfront.net/img/matrix-ico9.png"">",Accounting and Reporting - icon,,
BN_Matrix.page,"<img alt=""Opera on Bookingninjas Property Management System"" src=""https://d1b89zc79exfxt.cloudfront.net/img/opera.png"">",Oracle Opera - icon,,
BN_Matrix.page,"<img alt=""Mews on Bookingninjas Property Management System"" src=""https://d1b89zc79exfxt.cloudfront.net/img/mews.png"">",Mews - icon-2,,
BN_Matrix.page,"<img alt=""Bookingninjas Property Management System"" src=""https://d1b89zc79exfxt.cloudfront.net/img/logo.png"">",BookingNinjas - icon-2,,
BN_Matrix.page,"<img alt=""Bookingninjas Property Management System"" src=""https://d1b89zc79exfxt.cloudfront.net/img/matrix-software1.png"">",Salesforce - icon,,
BN_Matrix.page,"<img alt=""Bookingninjas Property Management System"" src=""https://d1b89zc79exfxt.cloudfront.net/img/matrix-software2.png"">",Newest Salesforce Platform Updates - icon,,
BN_Glance.page,"<img alt=""PMS of the future"" src=""https://d1b89zc79exfxt.cloudfront.net/img/glance-bnr.png"">",Capabilities of Booking Ninjas Product - 1,,
BN_Glance.page,"<img alt=""About Bookingninjas Property Management System"" src=""https://d1b89zc79exfxt.cloudfront.net/img/about-ico6.png"">",Flag - icon,,
BN_Glance.page,"<img alt=""PMS product capabilities"" class=""glance-capabilities__img"" src=""https://d1b89zc79exfxt.cloudfront.net/img/product_capabilities.png"">",Capabilities of Booking Ninjas Product - 2,,
BN_Glance.page,"<img alt=""Bookingninjas Property Management System"" src=""https://d1b89zc79exfxt.cloudfront.net/img/glance-ico1.png"">",AI Capabilities - icon,,
BN_Glance.page,"<img alt=""Bookingninjas Property Management System"" src=""https://d1b89zc79exfxt.cloudfront.net/img/glance-ico2.png"">",A Salesforce Cloud Foundation - icon,,
BN_Glance.page,"<img alt=""Bookingninjas Property Management System"" src=""https://d1b89zc79exfxt.cloudfront.net/img/glance-ico3.png"">",Over 50 Integrations - icon,,
BN_Glance.page,"<img alt=""Bookingninjas Property Management System"" src=""https://d1b89zc79exfxt.cloudfront.net/img/glance-ico4.png"">",Multiple Customization Options - icon,,
BN_Glance.page,"<img alt=""Bookingninjas Property Management System"" src=""https://d1b89zc79exfxt.cloudfront.net/img/glance-ico5.png"">",Automatic Updates - icon,,
BN_Glance.page,"<img alt=""Bookingninjas Property Management System"" src=""https://d1b89zc79exfxt.cloudfront.net/img/glance-ico6.png"">",Constant Upgrades - icon,,
BN_Glance.page,"<img alt=""Bookingninjas Property Management System"" src=""https://d1b89zc79exfxt.cloudfront.net/img/glance-ico7.png"">",Hotels Segment - icon,,
BN_Glance.page,"<img alt=""Bookingninjas Property Management System"" src=""https://d1b89zc79exfxt.cloudfront.net/img/glance-ico8.png"">",Restaurants Segment - icon,,
BN_Glance.page,"<img alt=""Bookingninjas Property Management System"" src=""https://d1b89zc79exfxt.cloudfront.net/img/glance-ico9.png"">",Property Managers Segment - icon,,
BN_Glance.page,"<img alt=""Bookingninjas Property Management System"" src=""https://d1b89zc79exfxt.cloudfront.net/img/glance-ico10.png"">",Country Clubs Segment - icon,,
BN_Glance.page,"<img alt=""Bookingninjas Property Management System"" src=""https://d1b89zc79exfxt.cloudfront.net/img/glance-ico11.png"">",Coworking Segment - icon,,
BN_Glance.page,"<img alt=""Bookingninjas Property Management System"" src=""https://d1b89zc79exfxt.cloudfront.net/img/glance-ico12.png"">",Self-Storage Segment - icon,,
BN_Glance.page,"<img alt=""Bookingninjas Property Management System"" src=""https://d1b89zc79exfxt.cloudfront.net/img/glance-ico13.png"">",Student Housing Segment - icon,,
BN_Glance.page,"<img alt=""Bookingninjas Property Management System"" src=""https://d1b89zc79exfxt.cloudfront.net/img/glance-ico14.png"">",Parking Facilities Segment - icon,,
BN_Glance.page,"<img alt=""Bookingninjas Property Management System"" src=""https://d1b89zc79exfxt.cloudfront.net/img/glance-ico15.png"">",Business Challenges - icon - 1,,
BN_Glance.page,"<img alt=""Bookingninjas Property Management System"" src=""https://d1b89zc79exfxt.cloudfront.net/img/glance-ico16.png"">",Business Challenges - icon - 2,,
BN_Glance.page,"<img alt=""Bookingninjas Property Management System"" src=""https://d1b89zc79exfxt.cloudfront.net/img/glance-ico17.png"">",Business Challenges - icon - 3,,
BN_Glance.page,"<img alt=""Bookingninjas Property Management System"" src=""https://d1b89zc79exfxt.cloudfront.net/img/glance-ico18.png"">",Business Challenges - icon - 4,,
BN_Glance.page,"<img alt=""Bookingninjas Property Management System"" class=""glance-how-help__img"" src=""https://d1b89zc79exfxt.cloudfront.net/img/glance-ico19.png"">",How We Help - icon - 1,,
BN_Glance.page,"<img alt=""Bookingninjas Property Management System"" src=""https://d1b89zc79exfxt.cloudfront.net/img/glance-ico20.png"">",How We Help - icon - 2,,
BN_Glance.page,"<img alt=""Bookingninjas Property Management System"" src=""https://d1b89zc79exfxt.cloudfront.net/img/glance-ico21.png"">",Worldwide Properties - icon - 1,,
BN_Glance.page,"<img alt=""Bookingninjas Property Management System"" src=""https://d1b89zc79exfxt.cloudfront.net/img/wp.png"">",Worldwide Properties - icon - 2,,
BN_Glance.page,"<img alt=""Bookingninjas Property Management System"" src=""https://d1b89zc79exfxt.cloudfront.net/img/glance-ico22.png"">",Result - icon,,
BN_Glance.page,"<img alt=""Bookingninjas Property Management System"" src=""https://d1b89zc79exfxt.cloudfront.net/img/glance-ico21.png"">",Industrious - icon - 1,,
BN_Glance.page,"<img alt=""Bookingninjas Property Management System"" src=""https://d1b89zc79exfxt.cloudfront.net/img/industrious-logo.png"">",Industrious - icon - 2,,
BN_Glance.page,"<img alt=""Bookingninjas Property Management System"" src=""https://d1b89zc79exfxt.cloudfront.net/img/glance-ico21.png"">",CTY Books - icon - 1,,
BN_Glance.page,"<img alt=""Bookingninjas Property Management System"" src=""https://d1b89zc79exfxt.cloudfront.net/img/cty.png"">",CTY Books - icon - 2,,
BN_Glance.page,"<img alt=""Bookingninjas Property Management System"" src=""https://d1b89zc79exfxt.cloudfront.net/img/glance-ico23.png"">",Trust - icon,,
BN_Glance.page,"<img alt=""Bookingninjas Property Management System"" src=""https://d1b89zc79exfxt.cloudfront.net/img/glance-ico24.png"">",Equality - icon,,
BN_Glance.page,"<img alt=""Bookingninjas Property Management System"" src=""https://d1b89zc79exfxt.cloudfront.net/img/glance-ico25.png"">",Innovation - icon,,
BN_Glance.page,"<img alt=""Bookingninjas Property Management System"" src=""https://d1b89zc79exfxt.cloudfront.net/img/glance-ico26.png"">",Success - icon,,
BN_PMS.page,"<img alt=""What is PMS"" src=""https://d1b89zc79exfxt.cloudfront.net/img/pms-page-top.png"">",PMS Software,,
BN_PMS.page,"<img alt=""Bookingninjas Propertsy Management System"" src=""https://d1b89zc79exfxt.cloudfront.net/img/pms-page-1.png"">",Why Is PMS Software Important?,,
BN_PMS.page,"<img alt=""Bookingninjas Property Management System"" src=""https://d1b89zc79exfxt.cloudfront.net/img/pms-skyline.png"">",PMS for Real estate - icon,,
BN_PMS.page,"<img alt=""Bookingninjas Property Management System"" src=""https://d1b89zc79exfxt.cloudfront.net/img/pms-factory.png"">",PMS for Manufacturing - icon,,
BN_PMS.page,"<img alt=""Bookingninjas Property Management System"" src=""https://d1b89zc79exfxt.cloudfront.net/img/pms-brain.png"">",PMS for Intellectual property - icon,,
BN_PMS.page,"<img alt=""Bookingninjas Property Management System"" src=""https://d1b89zc79exfxt.cloudfront.net/img/pms-government.png"">",PMS for Government - icon,,
BN_PMS.page,"<img alt=""Bookingninjas Property Management System"" src=""https://d1b89zc79exfxt.cloudfront.net/img/pms-truck.png"">",PMS for Logistics - icon,,
BN_PMS.page,"<img alt=""Bookingninjas Property Management System"" src=""https://d1b89zc79exfxt.cloudfront.net/img/pms-project-management.png"">",PMS Benefits - icon,,
BN_PMS.page,"<img alt=""Bookingninjas Propertsy Management System"" src=""https://d1b89zc79exfxt.cloudfront.net/img/pms-page-2.png"">",Future of PMS Software,,
BN_PMS_Salesforce.page,"<img alt=""Salesforce Platform"" src=""https://d1b89zc79exfxt.cloudfront.net/img/pms-top.png"">",Integration with Salesforce Platform,,
BN_PMS_Salesforce.page,"<img alt=""Bookingninjas Property Management System"" src=""https://d1b89zc79exfxt.cloudfront.net/img/crm-pms.png"">",Salesforce Partner - icon,,
BN_PMS_Salesforce.page,"<img alt=""Bookingninjas Property Management System"" src=""https://d1b89zc79exfxt.cloudfront.net/img/pms-s-icon-salesforce.png"">",Cloud-based management - icon,,
BN_PMS_Salesforce.page,"<img alt=""Bookingninjas Property Management System"" src=""https://d1b89zc79exfxt.cloudfront.net/img/pms-s-icon-integration.png"">",Integrations - icon,,
BN_PMS_Salesforce.page,"<img alt=""Bookingninjas Property Management System"" src=""https://d1b89zc79exfxt.cloudfront.net/img/pms-s-icon-acceleration.png"">",Speed - icon,,
BN_PMS_Salesforce.page,"<img alt=""Bookingninjas Property Management System"" src=""https://d1b89zc79exfxt.cloudfront.net/img/pms-s-icon-scalable.png"">",Scalability - icon,,
BN_PMS_Salesforce.page,"<img alt=""Bookingninjas Property Management System"" src=""https://d1b89zc79exfxt.cloudfront.net/img/pms-s-icon-ability.png"">",Updates and upgrades - icon,,
BN_PMS_Salesforce.page,"<img alt=""Bookingninjas Property Management System"" src=""https://d1b89zc79exfxt.cloudfront.net/img/pms-s-icon-message.png"">",Ease of use - icon,,
BN_HotelPMS.page,"<img alt=""PMS features"" src=""https://d1b89zc79exfxt.cloudfront.net/img/solution-slider5.png"">",BookingNinjas PMS Features - 1,,
BN_HotelPMS.page,"<img alt=""Bookingninjas Property Menegment System"" src=""https://d1b89zc79exfxt.cloudfront.net/img/solution-slider4.png"">",BookingNinjas PMS Features - 2,,
BN_HotelPMS.page,"<img alt=""Property Management System features"" src=""https://d1b89zc79exfxt.cloudfront.net/img/solution-slider3.png"">",Salesforce Partner - 1,,
BN_HotelPMS.page,"<img alt=""AI PMS features"" src=""https://d1b89zc79exfxt.cloudfront.net/img/solution-slider2.png"">",Artificial Intelligence,,
BN_HotelPMS.page,"<img alt=""Voice control PMS Sytem"" src=""https://d1b89zc79exfxt.cloudfront.net/img/solution-slider1.png"">",Voice Control,,
BN_HotelPMS.page,"<img alt=""Bookingninjas Property Menegment System"" src=""https://d1b89zc79exfxt.cloudfront.net/img/solution-company.png"">",Your Company - icon,,
BN_HotelPMS.page,"<img alt=""Bookingninjas Property Menegment System"" src=""https://d1b89zc79exfxt.cloudfront.net/img/solution-support.png"">",Your Quests - icon,,
BN_HotelPMS.page,"<img alt=""Bookingninjas Property Menegment System"" src=""https://d1b89zc79exfxt.cloudfront.net/img/solution-man.png"">",BookingNinjas PMS Features - icon - 1,,
BN_HotelPMS.page,"<img alt=""Bookingninjas Property Menegment System"" src=""https://d1b89zc79exfxt.cloudfront.net/img/solution-totop.png"">",BookingNinjas PMS Features - icon - 2,,
BN_HotelPMS.page,"<img alt=""Bookingninjas Property Menegment System"" src=""https://d1b89zc79exfxt.cloudfront.net/img/solution-timer.png"">",BookingNinjas PMS Features - icon - 3,,
BN_Consulting.page,"<img alt=""Bookingninjas Property Management System"" src=""https://d1b89zc79exfxt.cloudfront.net/img/consulting-ico1.png"">",Marketing Cloud - icon,,
BN_Consulting.page,"<img alt=""Bookingninjas Property Management System"" src=""https://d1b89zc79exfxt.cloudfront.net/img/consulting-ico2.png"">",Service Cloud - icon,,
BN_Consulting.page,"<img alt=""Bookingninjas Property Management System"" src=""https://d1b89zc79exfxt.cloudfront.net/img/consulting-ico3.png"">",Sales Cloud - icon,,
BN_Consulting.page,"<img alt=""Bookingninjas Property Management System"" src=""https://d1b89zc79exfxt.cloudfront.net/img/consulting-ico4.png"">",Proprietary Einstein AI - icon,,
BN_Consulting.page,"<img alt=""Bookingninjas Property Management System"" src=""https://d1b89zc79exfxt.cloudfront.net/img/consulting-ico5.png"">",Plug Into Salesforce - icon,,
BN_Consulting.page,"<img alt=""Bookingninjas Property Management System"" src=""https://d1b89zc79exfxt.cloudfront.net/img/consulting-ico6.png"">",Mobile App Development - icon,,
BN_Consulting.page,"<img alt=""Bookingninjas Property Management System"" src=""https://d1b89zc79exfxt.cloudfront.net/img/consulting-ico7.png"">",Community Cloud - icon,,
BN_LP_Hotels.page,"<img alt=""Bookingninjas Property Management System"" src="" https://d1b89zc79exfxt.cloudfront.net/img/Flat_MacBook6.png"">",Hotel Property Management Software - 1,,
BN_LP_Hotels.page,"<img alt=""Bookingninjas landing workspace"" src="" https://d1b89zc79exfxt.cloudfront.net/img/landing-workspace-icon1.png"">",Seamless Integration - icon,,
BN_LP_Hotels.page,"<img alt=""Workspace on Bookingninjas Property Management System"" src="" https://d1b89zc79exfxt.cloudfront.net/img/landing-workspace-icon2.png"">",Einstein AI - icon,,
BN_LP_Hotels.page,"<img alt=""Landing workspace on Bookingninjas Property Management System"" src="" https://d1b89zc79exfxt.cloudfront.net/img/landing-workspace-icon3.png"">",Full Access Control - icon,,
BN_LP_Hotels.page,"<img alt=""Bookingninjas Property Management System"" class=""wow fadeInRight"" src="" https://d1b89zc79exfxt.cloudfront.net/img/landing-illustration6.png"" style=""visibility: visible; animation-name: fadeInRight;"">",Hotel Property Management Software - 2,,
BN_LP_Hotels.page,"<img alt=""Bookingninjas Property Management System"" src="" https://d1b89zc79exfxt.cloudfront.net/img/Hotels_icon.png"">",Hotel Property Management Software Price - icon,,
BN_LP_Hostels.page,"<img alt=""Bookingninjas Property Management System"" src=""https://d1b89zc79exfxt.cloudfront.net/img/Flat_MacBook2.png"">",Hostel Management Software - 1,,
BN_LP_Hostels.page,"<img alt=""Bookingninjas Property Management System"" class=""wow fadeInRight"" src=""https://d1b89zc79exfxt.cloudfront.net/img/landing-illustration2.png"" style=""visibility: visible; animation-name: fadeInRight;"">",Hostel Management Software - 2,,
BN_LP_Hostels.page,"<img alt=""Hostel in Bookingninjas Property Management System"" src=""https://d1b89zc79exfxt.cloudfront.net/img/Hostel_icon.png"">",Hostel Management Software Price - icon,,
BN_LP_Restaurant.page,"<img alt=""Bookingninjas Property Management System Price"" src=""https://d1b89zc79exfxt.cloudfront.net/img/Flat_MacBook8.png"">",Restaurant Management Software - 1,,
BN_LP_Restaurant.page,"<img class=""wow fadeInRight"" src=""https://d1b89zc79exfxt.cloudfront.net/img/landing-illustration8.png"" style=""visibility: visible; animation-name: fadeInRight;"">",Restaurant Management Software - 2,,
BN_LP_Restaurant.page,"<img alt=""Restaurant on bookingninjas"" src=""https://d1b89zc79exfxt.cloudfront.net/img/Restaurant_icon.png"">",Restaurant Management Software Price - icon,,
BN_LP_PropertyManagers.page,"<img alt=""MacBook on bookingninjas"" src=""https://d1b89zc79exfxt.cloudfront.net/img/Flat_MacBook7.png"">",Software for Property Managers - 1,,
BN_LP_PropertyManagers.page,"<img alt=""Bookingninjas Property Management System"" class=""wow fadeInRight"" src=""https://d1b89zc79exfxt.cloudfront.net/img/landing-illustration7.png"" style=""visibility: visible; animation-name: fadeInRight;"">",Software for Property Managers - 2,,
BN_LP_PropertyManagers.page,"<img alt=""Hostel in Bookingninjas Property Management System"" src=""https://d1b89zc79exfxt.cloudfront.net/img/Property_managers_icon.png"">",Software for Property Managers Price - icon,,
BN_LP_Club.page,"<img alt=""Bookingninjas Property Management System"" src=""https://d1b89zc79exfxt.cloudfront.net/img/Flat_MacBook4.png"">",Country Club Management Software - 1,,
BN_LP_Club.page,"<img alt=""Bookingninjas landing workspace"" class=""wow fadeInRight"" src=""https://d1b89zc79exfxt.cloudfront.net/img/landing-illustration4.png"" style=""visibility: visible; animation-name: fadeInRight;"">",Country Club Management Software - 2,,
BN_LP_Club.page,"<img alt=""Country clubs on Bookingninjas Property Management System"" src=""https://d1b89zc79exfxt.cloudfront.net/img/Country_Clubs_icon.png"">",Country Club Management Software Price - icon,,
BN_LP_CoWorking.page,"<img alt=""Bookingninjas Property Management System"" src=""https://d1b89zc79exfxt.cloudfront.net/img/Flat_MacBook.png"">",Coworking Space Management Software - 1,,
BN_LP_CoWorking.page,"<img alt=""Bookingninjas landing workspace"" src=""https://d1b89zc79exfxt.cloudfront.net/img/landing-workspace-icon1.png"">",Sophisticated Client Management - icon - 1,,
BN_LP_CoWorking.page,"<img alt=""Workspace on Bookingninjas Property Management System"" src=""https://d1b89zc79exfxt.cloudfront.net/img/landing-workspace-icon2.png"">",Single App Control - icon - 1,,
BN_LP_CoWorking.page,"<img alt=""Landing workspace on Bookingninjas Property Management System"" src=""https://d1b89zc79exfxt.cloudfront.net/img/landing-workspace-icon3.png"">",Richer Experience for All - icon - 1,,
BN_LP_CoWorking.page,"<img alt=""Bookingninjas Property Management System"" class=""wow fadeInRight"" src=""https://d1b89zc79exfxt.cloudfront.net/img/landing-illustration.png"" style=""visibility: visible; animation-name: fadeInRight;"">",Coworking Space Management Software - 2,,
BN_LP_CoWorking.page,"<img alt=""Bookingninjas Property Management System"" class=""landing__story-img"" src=""https://d1b89zc79exfxt.cloudfront.net/img/landing_photo.jpg"">",Industrious Office - icon,,
BN_LP_Storage.page,"<img alt=""Bookingninjas Property Management System"" src="" https://d1b89zc79exfxt.cloudfront.net/img/Flat_MacBook3.png"">",Self Storage Software - 1,,
BN_LP_Storage.page,"<img alt=""Bookingninjas landing workspace"" src="" https://d1b89zc79exfxt.cloudfront.net/img/landing-workspace-icon1.png"">",Sophisticated Client Management - icon - 2,,
BN_LP_Storage.page,"<img alt=""Workspace on Bookingninjas Property Management System"" src="" https://d1b89zc79exfxt.cloudfront.net/img/landing-workspace-icon2.png"">",Single App Control - icon - 2,,
BN_LP_Storage.page,"<img alt=""Workspace on Bookingninjas Property Management System"" src="" https://d1b89zc79exfxt.cloudfront.net/img/landing-workspace-icon3.png"">",Richer Experience for All - icon - 2,,
BN_LP_Storage.page,"<img alt=""Bookingninjas Property Management System"" class=""wow fadeInRight"" src="" https://d1b89zc79exfxt.cloudfront.net/img/landing-illustration3.png"" style=""visibility: visible; animation-name: fadeInRight;"">",Self Storage Software - 2,,
BN_LP_Storage.page,"<img alt=""Bookingninjas Property Management System"" src="" https://d1b89zc79exfxt.cloudfront.net/img/Self_Storage_icon.png"">",Self Storage Software Price - icon,,
BN_LP_StudentHousing.page,"<img alt=""Bookingninjas Property Management System"" src="" https://d1b89zc79exfxt.cloudfront.net/img/Flat_MacBook5.png"">",Student Housing Property Management Software - 1,,
BN_LP_StudentHousing.page,"<img alt=""Bookingninjas Property Management System"" class=""wow fadeInRight"" src="" https://d1b89zc79exfxt.cloudfront.net/img/landing-illustration5.png"" style=""visibility: visible; animation-name: fadeInRight;"">",Student Housing Property Management Software - 1,,
BN_LP_StudentHousing.page,"<img alt=""Student housing on Bookingninjas Property Management System"" src="" https://d1b89zc79exfxt.cloudfront.net/img/Student_Housing_icon.png"">",Student Housing Property Management Software Price - icon,,
BN_LP_Parking.page,"<img alt=""Bookingninjas Property Management System"" src="" https://d1b89zc79exfxt.cloudfront.net/img/Flat_MacBook9.png"">",Parking Management System - 1,,
BN_LP_Parking.page,"<img alt=""Bookingninjas Property Management System"" class=""wow fadeInRight"" src="" https://d1b89zc79exfxt.cloudfront.net/img/landing-illustration9.png"" style=""visibility: visible; animation-name: fadeInRight;"">",Parking Management System - 2,,
BN_LP_Parking.page,"<img alt=""Parking facilities on bookingninjas"" src="" https://d1b89zc79exfxt.cloudfront.net/img/Parking_Facilities_icon.png"">",Parking Management System Price - icon,,
BN_LP_Event.page,"<img alt=""Superior Property Management System For Meeting Spaces"" src=""https://d1b89zc79exfxt.cloudfront.net/img/flat-landing-illustration10.png"">",Event Management Software - 1,,
BN_LP_Event.page,"<img alt=""Management software for Meeting spaces and events Booking Ninjas"" class=""wow fadeInRight"" src=""https://d1b89zc79exfxt.cloudfront.net/img/landing-illustration10.png"" style=""visibility: visible; animation-name: fadeInRight;"">",Event Management Software - 2,,
BN_LP_Event.page,"<img alt=""Booking software for meeting spaces and events Booking Ninjas"" src=""https://d1b89zc79exfxt.cloudfront.net/img/Event_management_icon.png"">",Event Management Software Price - icon,,
BN_LP_Senior.page,"<img alt=""Bookingninjas Property Management System"" src="" https://d1b89zc79exfxt.cloudfront.net/img/flat-landing-illustration11.png"">",Senior Living Property Management Software - 1,,
BN_LP_Senior.page,"<img src=""https://d1b89zc79exfxt.cloudfront.net/img/landing-workspace-icon1.png"">",Streamline Business Processes - icon,,
BN_LP_Senior.page,"<img src=""https://d1b89zc79exfxt.cloudfront.net/img/landing-workspace-icon2.png"">",Focus on the Customer - icon,,
BN_LP_Senior.page,"<img src=""https://d1b89zc79exfxt.cloudfront.net/img/landing-workspace-icon3.png"">",100% Customized - icon,,
BN_LP_Senior.page,"<img alt=""Bookingninjas Property Management System"" class=""wow fadeInRight"" src="" https://d1b89zc79exfxt.cloudfront.net/img/landing-illustration6.png"" style=""visibility: visible; animation-name: fadeInRight;"">",Senior Living Property Management Software - 2,,
BN_LP_Senior.page,"<img src=""https://d1b89zc79exfxt.cloudfront.net/img/Senior_Living_icon.png"">",Senior Living Property Management Software Price - icon,,
BN_LP_Vacation.page,"<img alt=""Bookingninjas Property Management System"" src="" https://d1b89zc79exfxt.cloudfront.net/img/flat-landing-illustration12.png"">",Vacation Rental Property Management Software - 1,,
BN_LP_Vacation.page,"<img alt=""partners"" src=""https://d1b89zc79exfxt.cloudfront.net/img/vacation-image.png"">",Vacation Rental Property Management Software - 2,,
BN_LP_Vacation.page,"<img alt=""Bookingninjas Property Management System"" class=""wow fadeInRight"" src="" https://d1b89zc79exfxt.cloudfront.net/img/landing-illustration6.png"" style=""visibility: visible; animation-name: fadeInRight;"">",Vacation Rental Property Management Software - 3,,
BN_LP_Vacation.page,"<img src=""https://d1b89zc79exfxt.cloudfront.net/img/Vacation_Rentals_icon.png"">",Vacation Rental Property Management Software Price - icon,,
BN_LP_Villa.page,"<img src=""https://d1b89zc79exfxt.cloudfront.net/img/flat-landing-illustration13.png"">",Villas Property Management Software,,
BN_LP_Villa.page,"<img src=""https://d1b89zc79exfxt.cloudfront.net/img/villa-ico1.png"">",Core CRM - icon,,
BN_LP_Villa.page,"<img src=""https://d1b89zc79exfxt.cloudfront.net/img/villa-ico2.png"">",Booking Engine - icon,,
BN_LP_Villa.page,"<img src=""https://d1b89zc79exfxt.cloudfront.net/img/villa-ico3.png"">",Payment Gateway - icon,,
BN_LP_Villa.page,"<img src=""https://d1b89zc79exfxt.cloudfront.net/img/villa-ico7.png"">",Simplified POS - icon,,
BN_LP_Villa.page,"<img src=""https://d1b89zc79exfxt.cloudfront.net/img/villa-ico8.png"">",AirbBnB Integration - icon,,
BN_LP_Villa.page,"<img src=""https://d1b89zc79exfxt.cloudfront.net/img/villa-ico9.png"">",Split the Bill - icon,,
BN_LP_Villa.page,"<img src=""https://d1b89zc79exfxt.cloudfront.net/img/villa-ico10.png"">",Client Preferences Record - icon,,
BN_LP_Villa.page,"<img src=""https://d1b89zc79exfxt.cloudfront.net/img/villa-ico11.png"">",Additional Services - icon,,
BN_LP_Villa.page,"<img src=""https://d1b89zc79exfxt.cloudfront.net/img/villa-ico12.png"">",F&B Orders/Requests - icon,,
BN_LP_Villa.page,"<img src=""https://d1b89zc79exfxt.cloudfront.net/img/villa-bottom-ico.png"">",Villas Property Management Software Price - icon,,
BN_LP_Government.page,"<img alt=""Government-owned property management"" src=""https://d1b89zc79exfxt.cloudfront.net/img/government-laptop.png"">",Government Property Management Software - 1,,
BN_LP_Government.page,"<img src=""https://d1b89zc79exfxt.cloudfront.net/img/government-software-item-1.png"">",Ensure Rеgulаtоrу Cоmрlіаnсе - icon,,
BN_LP_Government.page,"<img src=""https://d1b89zc79exfxt.cloudfront.net/img/government-software-item-2.png"">",Cарturе Infоrmаtіоn Autоmаtісаllу - icon,,
BN_LP_Government.page,"<img src=""https://d1b89zc79exfxt.cloudfront.net/img/government-software-item-3.png"">",Fаѕt and Aссurаtе Rероrtіng - icon,,
BN_LP_Government.page,"<img src=""https://d1b89zc79exfxt.cloudfront.net/img/government-software-item-4.png"">",Synchronize Preventive Mаіntеnаnсе Aсtіоnѕ - icon,,
BN_LP_Government.page,"<img src=""https://d1b89zc79exfxt.cloudfront.net/img/government-software-item-5.png"">",Employee Inѕіght - icon,,
BN_LP_Government.page,"<img src=""https://d1b89zc79exfxt.cloudfront.net/img/government-software-item-6.png"">",Thоrоugh аnd Cоnѕіѕtеnt Prосеѕѕеѕ - icon,,
BN_LP_Government.page,"<img src=""https://d1b89zc79exfxt.cloudfront.net/img/government-software-item-7.png"">",Integration Capabilities - icon,,
BN_LP_Government.page,"<img src=""https://d1b89zc79exfxt.cloudfront.net/img/government-software-item-8.png"">",Mоbіlіtу and Collaboration - icon,,
BN_LP_Government.page,"<img src=""https://d1b89zc79exfxt.cloudfront.net/img/government-crm.png"">",CRM - icon,,
BN_LP_Government.page,"<img src=""https://d1b89zc79exfxt.cloudfront.net/img/government-marketing.png"">",Mаrkеtіng - icon,,
BN_LP_Government.page,"<img src=""https://d1b89zc79exfxt.cloudfront.net/img/government-accounting.png"">",Aссоuntіng - icon,,
BN_LP_Government.page,"<img src=""https://d1b89zc79exfxt.cloudfront.net/img/government-pos.png"">",Pоіnt-оf-ѕаlе - icon,,
BN_LP_Government.page,"<img src=""https://d1b89zc79exfxt.cloudfront.net/img/government-card-1.png"">",Streamline Business Processes - icon,,
BN_LP_Government.page,"<img src=""https://d1b89zc79exfxt.cloudfront.net/img/government-card-2.png"">",Focus on the Customer - icon,,
BN_LP_Government.page,"<img src=""https://d1b89zc79exfxt.cloudfront.net/img/government-card-3.png"">",100% Customized - icon,,
BN_LP_Government.page,"<img src=""https://d1b89zc79exfxt.cloudfront.net/img/government-about.png"">",Government Property Management Software - 2,,
BN_Process.page,"<img src=""https://d1b89zc79exfxt.cloudfront.net/img/process-top.png"">",Booking Ninjas PMS System Buying Process - 1,,
BN_Process.page,"<img src=""https://d1b89zc79exfxt.cloudfront.net/img/process-item-1.png"">",Discovery Session,,
BN_Process.page,"<img src=""https://d1b89zc79exfxt.cloudfront.net/img/process-item-2.png"">",Presentation of the Application,,
BN_Process.page,"<img src=""https://d1b89zc79exfxt.cloudfront.net/img/process-item-3.png"">",Creation of Trial Account & Implementation,,
BN_Process.page,"<img src=""https://d1b89zc79exfxt.cloudfront.net/img/process-fit.png"">",Booking Ninjas PMS System Buying Process - 2,,
BN_Process.page,"<img class=""process-follow__img"" src=""https://d1b89zc79exfxt.cloudfront.net/img/process-follow.png"">",Booking Ninjas PMS System Buying Process - 3,,
BN_Integrations.page,"<img alt=""Bookingninjas Property Management System"" src=""https://d1b89zc79exfxt.cloudfront.net/img/integration-top.png"">",PMS Integration,,
BN_Integrations.page,"<img alt=""Bookingninjas Property Management System"" src=""https://d1b89zc79exfxt.cloudfront.net/img/integration19.png"">",Salesforce Cloud - icon,,
BN_Integrations.page,"<img alt=""Bookingninjas Property Management System"" src=""https://d1b89zc79exfxt.cloudfront.net/img/integration18.png"">",Custom Development - icon,,
BN_Integrations.page,"<img alt=""Bookingninjas Property Management System"" src=""https://d1b89zc79exfxt.cloudfront.net/img/integration17.png"">",Maintenance and House Keeping - icon,,
BN_Integrations.page,"<img alt=""Bookingninjas Property Management System"" src=""https://d1b89zc79exfxt.cloudfront.net/img/integration16.png"">",All GDAS/OTAs  Distribution Websites - icon,,
BN_Integrations.page,"<img alt=""Bookingninjas Property Management System"" src=""https://d1b89zc79exfxt.cloudfront.net/img/integration15.png"">",AppExchange Integrations - icon,,
BN_Integrations.page,"<img alt=""Bookingninjas Property Management System"" src=""https://d1b89zc79exfxt.cloudfront.net/img/integration14.png"">",Booking Engine System - icon,,
BN_Integrations.page,"<img alt=""Bookingninjas Property Management System"" src=""https://d1b89zc79exfxt.cloudfront.net/img/integration13.png"">",Financial Integrations - icon,,
BN_Integrations.page,"<img alt=""Bookingninjas Property Management System"" src=""https://d1b89zc79exfxt.cloudfront.net/img/integration12.png"">",POS Systems - icon,,
BN_Integrations.page,"<img alt=""Bookingninjas Property Management System"" src=""https://d1b89zc79exfxt.cloudfront.net/img/integration11.png"">",Phone Systems - icon,,
BN_Integrations.page,"<img alt=""Bookingninjas Property Management System"" src=""https://d1b89zc79exfxt.cloudfront.net/img/integration10.png"">",Ticketing Systems - icon,,
BN_Integrations.page,"<img alt=""Bookingninjas Property Management System"" src=""https://d1b89zc79exfxt.cloudfront.net/img/integration20.png"">",Access Control - icon,,
BN_Integrations.page,"<img alt=""Bookingninjas Property Management System"" src=""https://d1b89zc79exfxt.cloudfront.net/img/integration21.png"">",Artificial Intelligence - icon,,
BN_Integrations.page,"<img alt=""Bookingninjas Property Management System"" src=""https://d1b89zc79exfxt.cloudfront.net/img/integration22.png"">",Mobile Apps - icon,,
BN_Integrations.page,"<img alt=""Salesforce cloud"" src=""https://d1b89zc79exfxt.cloudfront.net/img/integration-img13.png"">",Salesforce Cloud ,,
BN_Integrations.page,"<img alt=""Custom development"" src=""https://d1b89zc79exfxt.cloudfront.net/img/integration-img12.png"">",Custom Development ,,
BN_Integrations.page,"<img alt=""Maintenance and House Keeping"" src=""https://d1b89zc79exfxt.cloudfront.net/img/integration-img11.png"">",Maintenance and House Keeping ,,
BN_Integrations.page,"<img alt=""All GDAS / OTAs distribution websites"" src=""https://d1b89zc79exfxt.cloudfront.net/img/integration-img10.png"">",All GDAS/OTAs  Distribution Websites,,
BN_Integrations.page,"<img alt=""AppExchange integrations"" src=""https://d1b89zc79exfxt.cloudfront.net/img/integration-img9.png"">",AppExchange Integrations    ,,
BN_Integrations.page,"<img alt=""AppExchange integrations"" src=""https://d1b89zc79exfxt.cloudfront.net/img/integration-img8.png"">",Booking Engine System,,
BN_Integrations.page,"<img alt=""Financial Integrations"" src=""https://d1b89zc79exfxt.cloudfront.net/img/integration-img7.png"">",Financial Integrations,,
BN_Integrations.page,"<img alt=""POS systems"" src=""https://d1b89zc79exfxt.cloudfront.net/img/integration-img6.png"">",POS Systems,,
BN_Integrations.page,"<img alt=""Phone Systems"" src=""https://d1b89zc79exfxt.cloudfront.net/img/integration-img5.png"">",Phone Systems,,
BN_Integrations.page,"<img alt=""Ticketing systems"" src=""https://d1b89zc79exfxt.cloudfront.net/img/integration-img4.png"">",Ticketing Systems,,
BN_Integrations.page,"<img alt=""Access control"" src=""https://d1b89zc79exfxt.cloudfront.net/img/integration-img3.png"">",Access Control,,
BN_Integrations.page,"<img alt=""Artificial Intelligence"" src=""https://d1b89zc79exfxt.cloudfront.net/img/integration-img2.png"">",Artificial Intelligence,,
BN_Integrations.page,"<img alt=""Mobile Apps"" src=""https://d1b89zc79exfxt.cloudfront.net/img/integration-img1.png"">",Mobile Apps,,
BN_Implementation.page,"<img alt=""Implementation Booking Ninjas"" src=""https://d1b89zc79exfxt.cloudfront.net/img/Implementation-top.png"">",PMS Implementation - 1,,
BN_Implementation.page,"<img src=""https://d1b89zc79exfxt.cloudfront.net/img/implementation-process.png"">",The Implementation Process,,
BN_Implementation.page,"<img src=""https://d1b89zc79exfxt.cloudfront.net/img/implementation-timeline-1.png"">",Implementation Timeline - icon - 1,,
BN_Implementation.page,"<img src=""https://d1b89zc79exfxt.cloudfront.net/img/implementation-timeline-2.png"">",Implementation Timeline - icon - 2,,
BN_Implementation.page,"<img src=""https://d1b89zc79exfxt.cloudfront.net/img/implementation-timeline-3.png"">",Implementation Timeline - icon - 3,,
BN_Implementation.page,"<img src=""https://d1b89zc79exfxt.cloudfront.net/img/implementation-timeline-4.png"">",Implementation Timeline - icon - 4,,
BN_Implementation.page,"<img class=""implementation-page-timeline__img-bottom"" src=""https://d1b89zc79exfxt.cloudfront.net/img/implementation-timeline-5.png"">",Implementation Timeline - icon - 5,,
BN_Implementation.page,"<img src=""https://d1b89zc79exfxt.cloudfront.net/img/implementation-timeline-6.png"">",Implementation Timeline - icon - 6,,
BN_Implementation.page,"<img class=""call-types__item-logo"" src=""https://d1b89zc79exfxt.cloudfront.net/img/implementation-covers-1.png"">",Booking Engine System - icon - 1,,
BN_Implementation.page,"<img class=""call-types__item-logo"" src=""https://d1b89zc79exfxt.cloudfront.net/img/implementation-covers-2.png"">",AppExchange Integration Implementation - icon - 1,,
BN_Implementation.page,"<img class=""call-types__item-logo"" src=""https://d1b89zc79exfxt.cloudfront.net/img/implementation-covers-3.png"">",Mobile Implementation - icon - 1,,
BN_Implementation.page,"<img class=""call-types__item-logo"" src=""https://d1b89zc79exfxt.cloudfront.net/img/implementation-covers-4.png"">",Phone Systems - icon - 1,,
BN_Implementation.page,"<img class=""call-types__item-logo"" src=""https://d1b89zc79exfxt.cloudfront.net/img/implementation-covers-5.png"">",Accounting systems - icon - 1,,
BN_Implementation.page,"<img class=""call-types__item-logo"" src=""https://d1b89zc79exfxt.cloudfront.net/img/implementation-covers-6.png"">",POS systems - icon - 1,,
BN_Implementation.page,"<img alt=""Transitioning to Booking Ninjas"" src=""https://d1b89zc79exfxt.cloudfront.net/img/Implementation-transitioning.png"">",PMS Implementation - 2,,
BN_Data.page,"<img alt=""Bookingninjas Property Management System"" src=""https://d1b89zc79exfxt.cloudfront.net/img/data-top-bg.png"">",Automatic Data Processing System,,
BN_Data.page,"<img alt=""PMS data processing"" class=""float_right"" src=""https://d1b89zc79exfxt.cloudfront.net/img/data1.png"">",PMS Data Processing - 1,,
BN_Data.page,"<img alt=""PMS data train"" src=""https://d1b89zc79exfxt.cloudfront.net/img/data2.png"">",PMS Data Processing - 2,,
BN_Data.page,"<img alt=""PMS data"" class=""float_right"" src=""https://d1b89zc79exfxt.cloudfront.net/img/data3.png"">",PMS Data Processing - 3,,
BN_Data.page,"<img alt=""Bookingninjas Property Management System"" src=""https://d1b89zc79exfxt.cloudfront.net/img/startup-rocket.png"">",Our Data Advantages - 1,,
BN_Data.page,"<img alt=""Bookingninjas Property Management System"" src=""https://d1b89zc79exfxt.cloudfront.net/img/solutions-icon5.png"">",Our Data Advantages - 2,,
BN_Data.page,"<img alt=""Bookingninjas Property Management System"" src=""https://d1b89zc79exfxt.cloudfront.net/img/data-screen.png"">",Our Data Advantages - 3,,
BN_Data.page,"<img alt=""Bookingninjas Property Management System"" src=""https://d1b89zc79exfxt.cloudfront.net/img/crm-ico.png"">",Our Data Advantages - 4,,
BN_Data.page,"<img alt=""Bookingninjas Property Management System"" src=""https://d1b89zc79exfxt.cloudfront.net/img/why-recap3.png"">",Our Data Advantages - 5,,
BN_Data.page,"<img alt=""Bookingninjas Property Management System"" src=""https://d1b89zc79exfxt.cloudfront.net/img/analysis_ico.png"">",Our Data Advantages - 6,,
BN_Data.page,"<img alt=""Bookingninjas Property Management System"" src=""https://d1b89zc79exfxt.cloudfront.net/img/data-ninja.png"">",Our Data Advantages - 7,,
BN_Data.page,"<img alt=""Bookingninjas Property Management System"" src=""https://d1b89zc79exfxt.cloudfront.net/img/data-ico.png"">",Our Data Advantages - 8,,
BN_Data.page,"<img alt=""PMS enabled property"" src=""https://d1b89zc79exfxt.cloudfront.net/img/data-bottom.png"">",-,,
BN_FeatureSpotlights.page,"<img alt=""Bookingninjas Property Management System"" src=""https://d1b89zc79exfxt.cloudfront.net/img/spotlight/grid/availability_hour_grid.jpg"">",Reservation Management System - img,,
BN_FeatureSpotlights.page,"<img alt=""Bookingninjas Property Management System"" src=""https://d1b89zc79exfxt.cloudfront.net/img/spotlight/twilio/admin_dashboard.jpg"">",Twilio Flex - img,,
BN_FeatureSpotlights.page,"<img alt=""Bookingninjas Property Management System"" src=""https://d1b89zc79exfxt.cloudfront.net/img/spotlight/rrc/RRC.jpg"">",Room Rates Controller - img,,
BN_FeatureSpotlights.page,"<img alt=""Bookingninjas Property Management System"" src=""https://d1b89zc79exfxt.cloudfront.net/img/spotlight/channelrush/channel-manager-1.PNG"">",Channel Manager - img,,
BN_FeatureSpotlights.page,"<img alt=""Bookingninjas Property Management System"" src=""https://d1b89zc79exfxt.cloudfront.net/img/spotlight/ticket/tickets.jpg"">",Event Ticketing System - img,,
BN_FeatureSpotlights.page,"<img alt=""Bookingninjas Property Management System"" src=""https://d1b89zc79exfxt.cloudfront.net/img/spotlight/einstein/einstein-analytics-1.jpeg"">",Einstein Analytics - img,,
BN_FeatureSpotlights.page,"<img alt=""Bookingninjas Property Management System"" src=""https://d1b89zc79exfxt.cloudfront.net/img/spotlight/be/Gjp_main.jpg"">",Booking Engine - img,,
BN_FeatureSpotlights.page,"<img alt=""Bookingninjas Property Management System"" src=""https://d1b89zc79exfxt.cloudfront.net/img/spotlight/epos/Preview All devices screenshots.png"">",POS Integrations - img,,
BN_FeatureSpotlights.page,"<img alt=""Bookingninjas Property Management System"" src=""https://d1b89zc79exfxt.cloudfront.net/img/spotlight/esign/esign.jpg"">",Electronic Signature Software - img,,
BN_FeatureSpotlights.page,"<img alt=""Bookingninjas Property Management System"" src=""https://d1b89zc79exfxt.cloudfront.net/img/spotlight/payment/reservation_check_in.jpg"">",Advanced Payment Features - img,,
BN_FeatureSpotlights.page,"<img alt=""Bookingninjas Property Management System"" src=""https://d1b89zc79exfxt.cloudfront.net/img/spotlight/mobile/Home.png"">",PMS Mobile App - img,,
BN_FeatureSpotlights.page,"<img alt=""Bookingninjas Property Management System"" src=""https://d1b89zc79exfxt.cloudfront.net/img/spotlight/reporting/reporting.jpg"">",Custom Reporting Software - img,,
BN_FeatureSpotlights.page,"<img alt=""Bookingninjas Property Management System"" src=""https://d1b89zc79exfxt.cloudfront.net/img/spotlight/accesscontrol/1.jpg"">",Access Control System - img,,
BN_FeatureSpotlights.page,"<img alt=""Bookingninjas Property Management System"" src=""https://d1b89zc79exfxt.cloudfront.net/img/spotlight/appexchange/1.jpg"">",Salesforce AppExchange - img,,
BN_FeatureSpotlights.page,"<img alt=""Bookingninjas Property Management System"" class=""float_right"" src=""https://d1b89zc79exfxt.cloudfront.net/img/feature-spotlight-illustration.png"">",Property Management Tools - 1,,
BN_FeatureSpotlights.page,"<img alt=""Bookingninjas Property Management System"" src=""https://d1b89zc79exfxt.cloudfront.net/img/feature-spotlight-tag.png"">",The Booking Ninjas Advantage - icon,,
BN_FeatureSpotlights.page,"<img alt=""Bookingninjas Property Management System"" class=""float_left"" src=""https://d1b89zc79exfxt.cloudfront.net/img/feature-spotlight-illustration2.png"">",Property Management Tools - 2,,
BN_FeatureSpotlight_AvailabilityGrid.page,"<img alt=""Features on Bookingninjas Property Management System"" src="" https://d1b89zc79exfxt.cloudfront.net/img/spotlight/grid/video-grid.png"" />",Reservation Management System - 1,,
BN_FeatureSpotlight_AvailabilityGrid.page,"<img alt=""Features on Bookingninjas Property Management System"" src="" https://d1b89zc79exfxt.cloudfront.net/img/spotlight/grid/availability_hour_grid.jpg"" />",Reservation Management System - 2,,
BN_FeatureSpotlight_AvailabilityGrid.page,"<img alt=""Features on Bookingninjas Property Management System"" src="" https://d1b89zc79exfxt.cloudfront.net/img/spotlight/grid/availability_hour_grid_change_reservation.jpg"" />",Reservation Management System - 3,,
BN_FeatureSpotlight_AvailabilityGrid.page,"<img alt=""Features on Bookingninjas Property Management System"" src="" https://d1b89zc79exfxt.cloudfront.net/img/spotlight/grid/availability_hour_grid_change_reservation2.jpg"" />",Reservation Management System - 4,,
BN_FeatureSpotlight_AvailabilityGrid.page,"<img alt=""Features on Bookingninjas Property Management System"" src="" https://d1b89zc79exfxt.cloudfront.net/img/spotlight/grid/availability_hour_grid_one_day.jpg"" />",Reservation Management System - 5,,
BN_FeatureSpotlight_Twilio.page,"<img alt=""Booking Ninjas twilio flex"" src=""https://d1b89zc79exfxt.cloudfront.net/img/spotlight/twilio/admin_dashboard.jpg"" />",Twilio Flex Integrations - 1,,
BN_FeatureSpotlight_Twilio.page,"<img alt=""Twilio flex"" src=""https://d1b89zc79exfxt.cloudfront.net/img/spotlight/twilio/Agent_Desktop.jpg"" />",Twilio Flex Integrations - 2,,
BN_FeatureSpotlight_Twilio.page,"<img alt=""PMS twilio flex"" src=""https://d1b89zc79exfxt.cloudfront.net/img/spotlight/twilio/Agent_Desktop_call.jpg"" />",Twilio Flex Integrations - 3,,
BN_FeatureSpotlight_Twilio.page,"<img alt=""Property management system twilio flex"" src=""https://d1b89zc79exfxt.cloudfront.net/img/spotlight/twilio/Agent_Desktop_chat.jpg"" />",Twilio Flex Integrations - 4,,
BN_FeatureSpotlight_Twilio.page,"<img alt=""Get twilio flex"" src=""https://d1b89zc79exfxt.cloudfront.net/img/spotlight/twilio/Agent_Desktop_open_menu.jpg"" />",-,,
BN_FeatureSpotlight_Twilio.page,"<img alt=""How twilio flex works"" src=""https://d1b89zc79exfxt.cloudfront.net/img/spotlight/twilio/dial_pad.jpg"" />",-,,
BN_FeatureSpotlight_Twilio.page,"<img alt=""Use twilio flex"" src=""https://d1b89zc79exfxt.cloudfront.net/img/spotlight/twilio/salesforce_twillio.jpg"" />",-,,
BN_FeatureSpotlight_Twilio.page,"<img alt=""Booking Ninjas twilio flex"" src=""https://d1b89zc79exfxt.cloudfront.net/img/spotlight/twilio/salesforce_twillio2.jpg"" />",Twilio Flex Integrations - 4,,
BN_FeatureSpotlight_Twilio.page,"<img alt=""Twilio flex"" src=""https://d1b89zc79exfxt.cloudfront.net/img/spotlight/twilio/salesforce_twillio3.jpg"" />",Twilio Flex Integrations - 5,,
BN_FeatureSpotlight_Twilio.page,"<img alt=""PMS twilio flex"" src=""https://d1b89zc79exfxt.cloudfront.net/img/spotlight/twilio/teams.jpg"" />",Twilio Flex Integrations - 6,,
BN_FeatureSpotlight_RRC.page,"<img alt=""Features on Bookingninjas Property Management System"" src="" https://d1b89zc79exfxt.cloudfront.net/img/spotlight/rrc/RRC - Rate Per Day.jpg"" />",Yield Management System - 1,,
BN_FeatureSpotlight_RRC.page,"<img alt=""Features on Bookingninjas Property Management System"" src="" https://d1b89zc79exfxt.cloudfront.net/img/spotlight/rrc/RRC.jpg"" />",Yield Management System - 2,,
BN_FeatureSpotlight_RRC.page,"<img alt=""Features on Bookingninjas Property Management System"" src="" https://d1b89zc79exfxt.cloudfront.net/img/spotlight/rrc/RRC_no results.jpg"" />",Yield Management System - 3,,
BN_FeatureSpotlight_Channel.page,"<img alt=""Features on Bookingninjas Property Management System"" src=""https://d1b89zc79exfxt.cloudfront.net/img/spotlight/channelrush/channel-manager-1.PNG"" />",Hotel Channel Manager - 1,,
BN_FeatureSpotlight_Channel.page,"<img alt=""Features on Bookingninjas Property Management System"" src=""https://d1b89zc79exfxt.cloudfront.net/img/spotlight/channelrush/channel-manager-2.PNG"" />",Hotel Channel Manager - 2,,
BN_FeatureSpotlight_Channel.page,"<img alt=""Features on Bookingninjas Property Management System"" src=""https://d1b89zc79exfxt.cloudfront.net/img/spotlight/channelrush/channel-manager-3.PNG"" />",Hotel Channel Manager - 3,,
BN_FeatureSpotlight_Ticket.page,"<img alt=""PMS Ticketing System"" src=""https://d1b89zc79exfxt.cloudfront.net/img/spotlight/ticket/tickets.jpg"">",Event Ticketing System,,
BN_FeatureSpotlight_Einstein.page,"<img alt=""Features on Bookingninjas Property Management System"" src=""https://d1b89zc79exfxt.cloudfront.net/img/spotlight/einstein/einstein-analytics-1.jpeg"" />",Einstein Analytics - 1,,
BN_FeatureSpotlight_Einstein.page,"<img alt=""Features on Bookingninjas Property Management System"" src=""https://d1b89zc79exfxt.cloudfront.net/img/spotlight/einstein/einstein-analytics-2.png"" />",Einstein Analytics - 2,,
BN_FeatureSpotlight_Einstein.page,"<img alt=""Features on Bookingninjas Property Management System"" src=""https://d1b89zc79exfxt.cloudfront.net/img/spotlight/einstein/einstein-analytics-3.jpg"" />",Einstein Analytics - 3,,
BN_FeatureSpotlight_Einstein.page,"<img alt=""Features on Bookingninjas Property Management System"" src=""https://d1b89zc79exfxt.cloudfront.net/img/spotlight/einstein/einstein-analytics-4.jpg"" />",Einstein Analytics - 4,,
BN_FeatureSpotlight_BE.page,"<img alt=""Hotels booking engine"" src="" https://d1b89zc79exfxt.cloudfront.net/img/spotlight/be/Gjp_main.jpg"" />",Hotel Booking Engine - 1,,
BN_FeatureSpotlight_BE.page,"<img alt=""Booking engine"" src="" https://d1b89zc79exfxt.cloudfront.net/img/spotlight/be/Gjp_booking_enjine.jpg"" />",Hotel Booking Engine - 2,,
BN_FeatureSpotlight_BE.page,"<img alt=""PMS booking engine"" src="" https://d1b89zc79exfxt.cloudfront.net/img/spotlight/be/fatima_nain_page.jpg"" />",Hotel Booking Engine - 3,,
BN_FeatureSpotlight_BE.page,"<img alt=""Property management system booking engine"" src="" https://d1b89zc79exfxt.cloudfront.net/img/spotlight/be/fatima_list_page.jpg"" />",Hotel Booking Engine - 4,,
BN_FeatureSpotlight_BE.page,"<img alt=""How booking engine works"" src="" https://d1b89zc79exfxt.cloudfront.net/img/spotlight/be/cty_main.jpg"" />",Hotel Booking Engine - 5,,
BN_FeatureSpotlight_BE.page,"<img alt=""Get booking engine"" src="" https://d1b89zc79exfxt.cloudfront.net/img/spotlight/be/cty_checkin.jpg"" />",Hotel Booking Engine - 6,,
BN_FeatureSpotlight_POS.page,"<img alt=""PMS POS"" src=""https://d1b89zc79exfxt.cloudfront.net/img/spotlight/epos/Preview All devices screenshots.png"" />",Point of Sale Software - 1,,
BN_FeatureSpotlight_POS.page,"<img alt=""Property management system point of sale"" src=""https://d1b89zc79exfxt.cloudfront.net/img/spotlight/epos/1Laptop.jpg"" />",Point of Sale Software - 2,,
BN_FeatureSpotlight_POS.page,"<img alt=""Point of sale for property"" src=""https://d1b89zc79exfxt.cloudfront.net/img/spotlight/epos/2Menu Tablet lndscp.jpg"" />",Point of Sale Software - 3,,
BN_FeatureSpotlight_POS.page,"<img alt=""Hotels POS"" src=""https://d1b89zc79exfxt.cloudfront.net/img/spotlight/epos/3Menu Tablet portrt.jpg"" />",Point of Sale Software - 4,,
BN_FeatureSpotlight_POS.page,"<img alt=""Hotels point of sale"" src=""https://d1b89zc79exfxt.cloudfront.net/img/spotlight/epos/3Order Tablet portrt.jpg"" />",Point of Sale Software - 5,,
BN_FeatureSpotlight_POS.page,"<img alt=""Point of sale management"" src=""https://d1b89zc79exfxt.cloudfront.net/img/spotlight/epos/4Menu Mobile.jpg"" />",Point of Sale Software - 6,,
BN_FeatureSpotlight_POS.page,"<img alt=""Point of sale management"" src=""https://d1b89zc79exfxt.cloudfront.net/img/spotlight/epos/4Order Mobile.jpg"" />",Point of Sale Software - 7,,
BN_FeatureSpotlight_ESign.page,"<img alt=""PMS Esign"" src=""https://d1b89zc79exfxt.cloudfront.net/img/spotlight/esign/esign.jpg"" />",Electronic Signature Software - 1,,
BN_FeatureSpotlight_ESign.page,"<img alt=""Property management system Esign"" src=""https://d1b89zc79exfxt.cloudfront.net/img/spotlight/esign/esign2.jpg"" />",Electronic Signature Software - 2,,
BN_FeatureSpotlight_Payment.page,"<img alt=""Property payment system"" src=""https://d1b89zc79exfxt.cloudfront.net/img/spotlight/payment/reservation_check_in.jpg"" />",Advanced Payment Features - 1,,
BN_FeatureSpotlight_Payment.page,"<img alt=""PMS payments"" src=""https://d1b89zc79exfxt.cloudfront.net/img/spotlight/payment/reservation_create_invoice.jpg"" />",Advanced Payment Features - 2,,
BN_FeatureSpotlight_Payment.page,"<img alt=""Property management system payments"" src=""https://d1b89zc79exfxt.cloudfront.net/img/spotlight/payment/room_units.jpg"" />",Advanced Payment Features - 3,,
BN_FeatureSpotlight_Mobile.page,"<img alt=""PMS mobile app"" src="" https://d1b89zc79exfxt.cloudfront.net/img/spotlight/mobile/Home.png"" />",-,,
BN_FeatureSpotlight_Mobile.page,"<img alt=""Property management mobile app"" src="" https://d1b89zc79exfxt.cloudfront.net/img/spotlight/mobile/Room_Service_1.png"" />",-,,
BN_FeatureSpotlight_Mobile.page,"<img alt=""PMS in phone"" src="" https://d1b89zc79exfxt.cloudfront.net/img/spotlight/mobile/Room_Servic_2.png"" />",-,,
BN_FeatureSpotlight_Mobile.page,"<img alt=""PMS mobile"" src="" https://d1b89zc79exfxt.cloudfront.net/img/spotlight/mobile/Room_Service_3.png"" />",-,,
BN_FeatureSpotlight_Mobile.page,"<img alt=""Mobile app for property management"" src="" https://d1b89zc79exfxt.cloudfront.net/img/spotlight/mobile/Purchase_history.png"" />",-,,
BN_FeatureSpotlight_Mobile.page,"<img alt=""Booking Ninjas mobile app"" src="" https://d1b89zc79exfxt.cloudfront.net/img/spotlight/mobile/Waiting_for_a_room.png"" />",-,,
BN_FeatureSpotlight_Mobile.page,"<img alt=""PMS mobile app"" src="" https://d1b89zc79exfxt.cloudfront.net/img/spotlight/mobile/QR_lock.png"" />",-,,
BN_FeatureSpotlight_Mobile.page,"<img alt=""Property management mobile app"" src="" https://d1b89zc79exfxt.cloudfront.net/img/spotlight/mobile/QR_lock_2.png"" />",Property management mobile app - 1,,
BN_FeatureSpotlight_Report.page,"<img alt=""Features on Bookingninjas Property Management System"" src="" https://d1b89zc79exfxt.cloudfront.net/img/spotlight/reporting/reporting.jpg"" />",Custom Reporting Software,,
BN_FeatureSpotlight_AccessControl.page,"<img alt=""Features on Bookingninjas Property Management System"" src="" https://d1b89zc79exfxt.cloudfront.net/img/spotlight/accesscontrol/1.jpg"" />",Hotel Door Access Control System - 1,,
BN_FeatureSpotlight_AccessControl.page,"<img alt=""Features on Bookingninjas Property Management System"" src="" https://d1b89zc79exfxt.cloudfront.net/img/spotlight/accesscontrol/2.jpg"" />",Hotel Door Access Control System - 2,,
BN_FeatureSpotlight_AccessControl.page,"<img alt=""Features on Bookingninjas Property Management System"" src="" https://d1b89zc79exfxt.cloudfront.net/img/spotlight/accesscontrol/3.jpg"" />",Hotel Door Access Control System - 3,,
BN_FeatureSpotlight_AccessControl.page,"<img alt=""Features on Bookingninjas Property Management System"" src="" https://d1b89zc79exfxt.cloudfront.net/img/spotlight/accesscontrol/4.jpg"" />",Hotel Door Access Control System - 4,,
BN_FeatureSpotlight_Appexchange.page,"<img alt=""Features on Bookingninjas Property Management System"" src="" https://d1b89zc79exfxt.cloudfront.net/img/spotlight/appexchange/1.jpg"" />",Salesforce AppExchange Integration - 1,,
BN_FeatureSpotlight_Appexchange.page,"<img alt=""Features on Bookingninjas Property Management System"" src="" https://d1b89zc79exfxt.cloudfront.net/img/spotlight/appexchange/2.jpg"" />",Salesforce AppExchange Integration - 2,,
BN_FeatureSpotlight_Appexchange.page,"<img alt=""Features on Bookingninjas Property Management System"" src="" https://d1b89zc79exfxt.cloudfront.net/img/spotlight/appexchange/3.jpg"" />",Salesforce AppExchange Integration - 3,,
BN_FeatureSpotlight_Appexchange.page,"<img alt=""Features on Bookingninjas Property Management System"" src="" https://d1b89zc79exfxt.cloudfront.net/img/spotlight/appexchange/4.jpg"" />",Salesforce AppExchange Integration - 4,,
BN_FeatureSpotlight_Appexchange.page,"<img alt=""Features on Bookingninjas Property Management System"" src="" https://d1b89zc79exfxt.cloudfront.net/img/spotlight/appexchange/5.jpg"" />",Salesforce AppExchange Integration - 5,,
BN_CustomerStories.page,"<img alt=""Booking Ninjas Customers"" src=""https://d1b89zc79exfxt.cloudfront.net/img/customer-top.png"">",-,,
BN_CustomerStories.page,"<img alt=""Bookingninjas Property Management System"" src=""https://d1b89zc79exfxt.cloudfront.net/img/HFTP_Logo.png"">",HFTP - logo,,
BN_CustomerStories.page,"<img alt=""Bookingninjas Property Management System"" src=""https://d1b89zc79exfxt.cloudfront.net/img/WP_logo.png"">",WP - logo,,
BN_CustomerStories.page,"<img alt=""Bookingninjas Property Management System"" src=""https://d1b89zc79exfxt.cloudfront.net/img/Logo_CTY_books.png"">",CTY - Books - logo,,
BN_CustomerStories.page,"<img alt=""Bookingninjas Property Management System"" src=""https://d1b89zc79exfxt.cloudfront.net/img/logo_industrious.png"">",Industrious - logo,,
BN_CustomerStories.page,"<img alt=""PMS Customers"" src=""https://d1b89zc79exfxt.cloudfront.net/img/image_Do_more.jpg"">",Booking Ninjas Customers - 1,,
BN_CustomerStories.page,"<img alt=""Bookingninjas Property Management System"" src=""https://d1b89zc79exfxt.cloudfront.net/img/Presentation_illust.png"">",Booking Ninjas Customers - 2,,
BN_CustomerStories.page,"<img alt=""Bookingninjas Property Management System"" src=""https://d1b89zc79exfxt.cloudfront.net/img/user-photo.png"">",User-photo - icon,,
BN_CustomerStories_HFTP.page,"<img src=""https://d1b89zc79exfxt.cloudfront.net/img/HFTP-1.jpg"">",Success Storie - HFTP,,
BN_CustomerStories_WDS.page,"<img src=""https://d1b89zc79exfxt.cloudfront.net/img/WP-1.jpg"">",Success Storie - Worldwide Properties - 1,,
BN_CustomerStories_WDS.page,"<img src=""https://d1b89zc79exfxt.cloudfront.net/img/WP-2.jpg"">",Success Storie - Worldwide Properties - 2,,
BN_CustomerStories_WDS.page,"<img alt=""Video"" src=""https://d1b89zc79exfxt.cloudfront.net/img/WP-5.jpg"">",Success Storie - Worldwide Properties - 3,,
BN_CustomerStories_CTY.page,"<img src=""https://d1b89zc79exfxt.cloudfront.net/img/main_photo_cty_books.png"">",Success Storie - CTY Books - 1,,
BN_CustomerStories_CTY.page,"<img src=""https://d1b89zc79exfxt.cloudfront.net/img/photo.jpg"">",Success Storie - CTY Books - 2,,
BN_CustomerStories_CTY.page,"<img alt=""Video"" src=""https://d1b89zc79exfxt.cloudfront.net/img/CTY-last.jpg"">",Success Storie - CTY Books - 3,,
BN_CustomerStories_Industrious.page,"<img src=""https://d1b89zc79exfxt.cloudfront.net/img/Industrious-1.jpg"">",Success Storie - Industrious Office - 1,,
BN_CustomerStories_Industrious.page,"<img src=""https://d1b89zc79exfxt.cloudfront.net/img/Industrious-2.jpg"">",Success Storie - Industrious Office - 2,,
BN_CustomerStories_Industrious.page,"<img alt=""Video"" src=""https://d1b89zc79exfxt.cloudfront.net/img/Industrious-4.jpg"">",Success Storie - Industrious Office - 3,,
BN_FAQs.page,"<img alt=""PMS FAQs"" src=""https://d1b89zc79exfxt.cloudfront.net/img/faq.png"">",-,,
BN_ChannelListing.page,"<img src=""https://d1b89zc79exfxt.cloudfront.net/img/channel-top.png"">",Third Party Hotel Booking Sites Integration,,
BN_ChannelListing.page,"<img src=""https://d1b89zc79exfxt.cloudfront.net/img/check-logo1.png"">",Booking.com - logo,,
BN_ChannelListing.page,"<img src=""https://d1b89zc79exfxt.cloudfront.net/img/check-logo2.png"">",Expedia - logo,,
BN_ChannelListing.page,"<img src=""https://d1b89zc79exfxt.cloudfront.net/img/check-logo3.png"">",AirBnb - logo,,
BN_ChannelListing.page,"<img src=""https://d1b89zc79exfxt.cloudfront.net/img/check-logo4.png"">",Google - logo,,
BN_ChannelListing.page,"<img src=""https://d1b89zc79exfxt.cloudfront.net/img/check-logo5.png"">",Hotels.com - logo,,
BN_ChannelListing.page,"<img src=""https://d1b89zc79exfxt.cloudfront.net/img/check-logo6.png"">",RBITZ - logo,,
BN_ChannelListing.page,"<img src=""https://d1b89zc79exfxt.cloudfront.net/img/check-logo7.png"">",Travelocity - logo,,
BN_ChannelListing.page,"<img src=""https://d1b89zc79exfxt.cloudfront.net/img/check-logo8.png"">",TripAdvisor - logo,,
BN_Webinars.page,"<img src=""https://d1b89zc79exfxt.cloudfront.net/img/schedule-top.png"">",Booking Ninjas Webinars,,
BN_About.page,"<img alt=""Booking Ninjas Story"" src=""https://d1b89zc79exfxt.cloudfront.net/img/about-img1.png"">",-,,
BN_About.page,"<img alt=""Bookingninjas Best Property Management System"" src=""https://d1b89zc79exfxt.cloudfront.net/img/about-ico1.png"">",Our Journey - icon - 1,,
BN_About.page,"<img alt=""Bookingninjas Property Management System"" src=""https://d1b89zc79exfxt.cloudfront.net/img/about-ico3.png"">",Our Journey - icon - 2,,
BN_About.page,"<img alt=""About Bookingninjas Property Management System"" class=""about-page-content__center-ico"" src=""https://d1b89zc79exfxt.cloudfront.net/img/about-ico4.png"">",Our Journey - icon - 3,,
BN_About.page,"<img alt=""About Bookingninjas Property Management System"" src=""https://d1b89zc79exfxt.cloudfront.net/img/about-ico5.png"">",Our Journey - icon - 4,,
BN_About.page,"<img alt=""About Bookingninjas Property Management System"" src=""https://d1b89zc79exfxt.cloudfront.net/img/david.png"">",-,,
BN_About.page,"<img alt=""About Bookingninjas Property Management System"" src=""https://d1b89zc79exfxt.cloudfront.net/img/about-ico9.png"">",About Bookingninjas Property Management System - icon - 1,,
BN_About.page,"<img alt=""About Bookingninjas Property Management System"" src=""https://d1b89zc79exfxt.cloudfront.net/img/about-ico10.png"">",About Bookingninjas Property Management System - icon - 2,,
BN_About.page,"<img alt=""About Bookingninjas Property Management System"" src=""https://d1b89zc79exfxt.cloudfront.net/img/about-ico11.png"">",About Bookingninjas Property Management System - icon - 3,,
BN_About.page,"<img alt=""About Bookingninjas Property Management System"" src=""https://d1b89zc79exfxt.cloudfront.net/img/about-ico6.png"">",About Bookingninjas Property Management System - icon - 4,,
BN_About.page,"<img alt=""Bookingninjas Property Management System"" src=""https://d1b89zc79exfxt.cloudfront.net/img/about-ico7.png"">",About Bookingninjas Property Management System - icon - 5,,
BN_About.page,"<img alt=""About Bookingninjas Property Management System"" src=""https://d1b89zc79exfxt.cloudfront.net/img/about-ico8.png"">",About Bookingninjas Property Management System - icon - 6,,
BN_CoreValues.page,"<img alt=""Bookingninjas Property Management System"" src=""https://d1b89zc79exfxt.cloudfront.net/img/core-img.png"">",Core Values of the Booking Ninjas Product,,
BN_CoreValues.page,"<img alt=""Bookingninjas Property Management System"" src=""https://d1b89zc79exfxt.cloudfront.net/img/core1.png"">",Trust - icon,,
BN_CoreValues.page,"<img alt=""Bookingninjas Property Management System"" src=""https://d1b89zc79exfxt.cloudfront.net/img/core2.png"">",Equality - icon,,
BN_CoreValues.page,"<img alt=""Bookingninjas Property Management System"" src=""https://d1b89zc79exfxt.cloudfront.net/img/core3.png"">",Innovation - icon,,
BN_CoreValues.page,"<img alt=""Bookingninjas Property Management System"" src=""https://d1b89zc79exfxt.cloudfront.net/img/core4.png"">",Success - icon,,
BN_Gallery.page,"<img alt=""PMS Case Studies"" src=""https://d1b89zc79exfxt.cloudfront.net/img/gallery-top.png"">",,,
BN_Gallery.page,"<img alt=""Bookingninjas Property Management System"" src=""https://d1b89zc79exfxt.cloudfront.net/img/Booking_Ninjas_Case_Study.jpg"">",Booking Ninjas PMS Case Studies - 1,,
BN_Gallery.page,"<img alt=""Bookingninjas Property Management System"" src=""https://d1b89zc79exfxt.cloudfront.net/img/Einstein_for_Hotel_Management.jpg"">",Booking Ninjas PMS Case Studies - 2,,
BN_Gallery.page,"<img alt=""Bookingninjas Property Management System"" src=""https://d1b89zc79exfxt.cloudfront.net/img/How_Hoteliers.jpg"">",Booking Ninjas PMS Case Studies - 3,,
BN_Gallery.page,"<img alt=""Bookingninjas Property Management System"" src=""https://d1b89zc79exfxt.cloudfront.net/img/how_to_improve.jpg"">",Booking Ninjas PMS Case Studies - 4,,
BN_Gallery.page,"<img alt=""Bookingninjas Property Management System"" src=""https://d1b89zc79exfxt.cloudfront.net/img/Booking_Ninjas_trailer.jpg"">",Booking Ninjas PMS Case Studies - 5,,
BN_Gallery.page,"<img alt=""Bookingninjas Property Management System"" src=""https://d1b89zc79exfxt.cloudfront.net/img/Booking_Ninjas_Reports.jpg"">",Booking Ninjas PMS Case Studies - 6,,
BN_Career.page,"<img alt=""Bookingninjas Property Menegment System"" src="" https://d1b89zc79exfxt.cloudfront.net/img/career-bnr1.png"">",Booking Ninjas Career - 1,,
BN_Career.page,"<img alt=""Worker on Bookingninjas Property Menegment System"" src="" https://d1b89zc79exfxt.cloudfront.net/img/worker.png"">",Flexible Work Schedule - icon,,
BN_Career.page,"<img alt=""Bookingninjas Property Menegment System"" src="" https://d1b89zc79exfxt.cloudfront.net/img/statistics.png"">",Room to Grow - icon,,
BN_Career.page,"<img alt=""Bookingninjas Property Menegment System"" src="" https://d1b89zc79exfxt.cloudfront.net/img/voting.png"">",Have a Voice - icon,,
BN_Career.page,"<img alt=""Bookingninjas Property Menegment System"" src="" https://d1b89zc79exfxt.cloudfront.net/img/flag.png"">",Explore - icon,,
BN_Career.page,"<img alt=""Trophy on Bookingninjas Property Menegment System"" src="" https://d1b89zc79exfxt.cloudfront.net/img/trophy.png"">","Rewards - icon",,
BN_Career.page,"<img alt=""Bookingninjas Property Menegment System"" src="" https://d1b89zc79exfxt.cloudfront.net/img/monitors.png"">",Remote Opportunities - icon,,
BN_Career.page,"<img alt=""Bookingninjas Property Menegment System"" src="" https://d1b89zc79exfxt.cloudfront.net/img/career-settings.png"">",Salesforce Admins - icon,,
BN_Career.page,"<img alt=""Bookingninjas Property Menegment System"" src="" https://d1b89zc79exfxt.cloudfront.net/img/career-monitor.png"">",Salesforce Developers - icon,,
BN_Career.page,"<img alt=""Bookingninjas Property Menegment System"" src="" https://d1b89zc79exfxt.cloudfront.net/img/career-front-end.png"">",Front End Developers - icon,,
BN_Career.page,"<img alt=""Careers in Booking Ninjas"" src="" https://d1b89zc79exfxt.cloudfront.net/img/career-content.png"">",Content Writers - icon,,
BN_Career.page,"<img alt=""Bookingninjas Property Menegment System"" src="" https://d1b89zc79exfxt.cloudfront.net/img/career-script.png"">",Script Writers - icon,,
BN_Career.page,"<img alt=""Bookingninjas Property Menegment System"" src="" https://d1b89zc79exfxt.cloudfront.net/img/career-creativity.png"">",Designers - icon,,
BN_Career.page,"<img alt=""Bookingninjas Property Menegment System"" src="" https://d1b89zc79exfxt.cloudfront.net/img/career-goal.png"">",Growth Hackers - icon,,
BN_Career.page,"<img alt=""Bookingninjas Property Menegment System"" src="" https://d1b89zc79exfxt.cloudfront.net/img/project_manager_small.png"">",Project Managers - icon,,
BN_Career.page,"<img alt=""Bookingninjas Property Menegment System"" src="" https://d1b89zc79exfxt.cloudfront.net/img/Account_Executives_small.png"">",Account Executives - icon,,
BN_Career.page,"<img alt=""Bookingninjas Property Menegment System"" src="" https://d1b89zc79exfxt.cloudfront.net/img/Customer_Service_Reps_small.png"">",Customer Service Representatives - icon,,
BN_Career.page,"<img alt=""Bookingninjas Property Menegment System"" src="" https://d1b89zc79exfxt.cloudfront.net/img/Mobile_Developers_small.png"">",Mobile Developers - icon,,
BN_Career.page,"<img alt=""Bookingninjas Property Menegment System"" src="" https://d1b89zc79exfxt.cloudfront.net/img/Social_Media_Ninjas_small.png"">",Social Media Ninjas - icon,,
BN_Career.page,"<img alt=""Bookingninjas Property Menegment System"" src="" https://d1b89zc79exfxt.cloudfront.net/img/SEO_Ninjas_small.png"">",SEO Ninjas - icon,,
BN_Career.page,"<img alt=""Bookingninjas Property Menegment System"" src="" https://d1b89zc79exfxt.cloudfront.net/img/become-one-of-us.png"">",Booking Ninjas Career - 2,,
BN_Reviews.page,"<img src=""https://d1b89zc79exfxt.cloudfront.net/img/reviews_main_illustration.png"">",Leave Your Feedback,,
BN_Reviews.page,"<img src=""https://d1b89zc79exfxt.cloudfront.net/img/reviews_App_Exchange_logo.png"">",App Exchange - icon,,
BN_Reviews.page,"<img src=""https://d1b89zc79exfxt.cloudfront.net/img/reviews_Capterra_logo.png"">",Capterra - icon,,
BN_Reviews.page,"<img src=""https://d1b89zc79exfxt.cloudfront.net/img/reviews_hoteltech.png"">",Hotel Tech Report - icon,,
BN_Reviews.page,"<img src=""https://d1b89zc79exfxt.cloudfront.net/img/reviews_G2_logo.png"">",G2 - icon,,
BN_Partners.page,"<img src=""https://d1b89zc79exfxt.cloudfront.net/img/partners-Logos.png"">",Booking Ninjas Partners - 1,,
BN_Partners.page,"<img src=""https://d1b89zc79exfxt.cloudfront.net/img/logocolor1.png"">",SALESFORCE - icon,,
BN_Partners.page,"<img src=""https://d1b89zc79exfxt.cloudfront.net/img/logocolor2.png"">",HFTP - icon,,
BN_Partners.page,"<img src=""https://d1b89zc79exfxt.cloudfront.net/img/twilio_logo.png"">",TWILIO - icon,,
BN_Partners.page,"<img src=""https://d1b89zc79exfxt.cloudfront.net/img/channelrush_logo.png"">",CHANNEL RUSH - icon,,
BN_Partners.page,"<img src=""https://d1b89zc79exfxt.cloudfront.net/img/yieldPlanet.png"">",YIELDPLANET - icon,,
BN_Partners.page,"<img src=""https://d1b89zc79exfxt.cloudfront.net/img/eSign_logo.png"">",ESIGN GENIE - icon,,
BN_Partners.page,"<img src=""https://d1b89zc79exfxt.cloudfront.net/img/Nabhood_logo.png"">",NABHOOD - icon,,
BN_Partners.page,"<img src=""https://d1b89zc79exfxt.cloudfront.net/img/partners-illustration.png"">",Booking Ninjas Partners - 2,,
BN_Partners_Salesforce.page,"<img src=""https://d1b89zc79exfxt.cloudfront.net/img/salesforce-big.png"">",Salesforce - Partner - logo,,
BN_Partners_Salesforce.page,"<img alt=""partners"" src=""https://d1b89zc79exfxt.cloudfront.net/img/partners-img.png"">",Partners - img - 1,,
BN_Partners_Salesforce.page,"<img alt=""partners"" src=""https://d1b89zc79exfxt.cloudfront.net/img/costumer-photo.png"">",Partners - img - 2,,
BN_Partners_HFTP.page,"<img src=""https://d1b89zc79exfxt.cloudfront.net/img/HFTP_Logo-big.png"">",HFTP - Partner - logo,,
BN_Partners_Twilio.page,"<img src=""https://d1b89zc79exfxt.cloudfront.net/img/twilio_big.png"">",Twilio - Partner - logo,,
BN_Partners_ChannelRush.page,"<img src=""https://d1b89zc79exfxt.cloudfront.net/img/channelrush-big.png"">",ChannelRUSH - Partner - logo,,
BN_Partners_YieldPlanet.page,"<img src=""https://d1b89zc79exfxt.cloudfront.net/img/yieldPlanet-big.png"">",YieldPlanet - Partner - logo,,
BN_Partners_Esign.page,"<img src=""https://d1b89zc79exfxt.cloudfront.net/img/eSign-big.png"">",eSign Genie - Partner - logo,,
BN_Partners_Nabhood.page,"<img src=""https://d1b89zc79exfxt.cloudfront.net/img/Nabhood_logo-big.png"">",NABHOOD - Partner - logo,,
BN_Portal_Home.page,"<img class=""login-page-top__image"" src=""https://d1b89zc79exfxt.cloudfront.net/img/login-bg.png"">",-,,
BN_Portal_Home.page,"<img src=""https://d1b89zc79exfxt.cloudfront.net/img/login-clients.png"">",Login - img - 1,,
BN_Portal_Home.page,"<img src=""https://d1b89zc79exfxt.cloudfront.net/img/login-partners.png"">",Login - img - 2,,
BN_Portal_Home.page,"<img src=""https://d1b89zc79exfxt.cloudfront.net/img/login-staff.png"">",Login - img - 3,,
BNCalendly.page,"<img src=""https://d1b89zc79exfxt.cloudfront.net/img/calendly-top.png"">",Schedule an Appointment - 1,,
BNCalendly.page,"<img class=""call-types__item-logo"" src=""https://d1b89zc79exfxt.cloudfront.net/img/calendly-type-1.png"">",Intro/ Discovery - icon,,
BNCalendly.page,"<img class=""call-types__item-logo"" src=""https://d1b89zc79exfxt.cloudfront.net/img/calendly-type-2.png"">",Demonstration - icon,,
BNCalendly.page,"<img class=""call-types__item-logo"" src=""https://d1b89zc79exfxt.cloudfront.net/img/calendly-type-3.png"">",Handoff - icon,,
BNCalendly.page,"<img class=""call-types__item-logo"" src=""https://d1b89zc79exfxt.cloudfront.net/img/calendly-type-4.png"">",Check-In - icon,,
BNCalendly.page,"<img class=""call-types__item-logo"" src=""https://d1b89zc79exfxt.cloudfront.net/img/calendly-type-5.png"">",General - icon,,
BNCalendly.page,"<img class=""call-types__item-logo"" src=""https://d1b89zc79exfxt.cloudfront.net/img/calendly-type-6.png"">",Employment Inquiry - icon,,
BNCalendly.page,"<img alt=""Bookingninjas Propertsy Management System"" src=""https://d1b89zc79exfxt.cloudfront.net/img/calendly-item-2.png"">",Schedule an Appointment - 2,,
BN_Covid19.page,"<img src=""https://d1b89zc79exfxt.cloudfront.net/img/coronavirus-top.png"">",COVID 19 Resource Page - 1,,
BN_Covid19.page,"<img src=""https://d1b89zc79exfxt.cloudfront.net/img/covid-ico1.png"">",COVID 19 Resource Page - 2,,
BN_Survey.page,"<img src=""https://d1b89zc79exfxt.cloudfront.net/img/survey-top.png"">",Booking Ninjas Surveys,,
BN_Survey.page,"<img src=""https://d1b89zc79exfxt.cloudfront.net/img/survey-img3.jpg"">",COVID-19 Survey,,
BN_Survey.page,"<img src=""https://d1b89zc79exfxt.cloudfront.net/img/survey-img2.jpg"">",General Hospitality Survey,,
BN_Survey.page,"<img src=""https://d1b89zc79exfxt.cloudfront.net/img/survey-img2.jpg"">",Hotel Industry Survey,,
BN_Survey.page,"<img src=""https://d1b89zc79exfxt.cloudfront.net/img/survey-img3.jpg"">",Rate My PMS,,